run,round,update_first,update_last,fresh_sync_target_in_round,loss,delta_loss,td,grad_norm
diagnostic_baseline\run_1,14,52,108,False,0.009624738556643328,-0.00948764029981605,0.06179196773129597,0.0444338610640874
diagnostic_baseline\run_1,15,109,158,False,0.010885952969547362,0.001261214412904034,0.05405181080102921,0.03249633660539985
diagnostic_baseline\run_1,16,159,207,False,0.012331747433303722,0.00144579446375636,0.06050528813989795,0.0343717397665795
diagnostic_baseline\run_1,17,208,262,False,0.01581311346116391,0.0034813660278601877,0.07965769950639118,0.041616322015496816
diagnostic_baseline\run_1,18,263,313,False,0.017613079471915375,0.0017999660107514658,0.08803725140351876,0.04243835644321699
diagnostic_baseline\run_1,19,314,366,False,0.01831076286276275,0.0006976833908473763,0.09306579870435427,0.04644148083368562
diagnostic_baseline\run_1,20,367,421,False,0.02007371090691198,0.0017629480441492297,0.09925649396397851,0.05078511957756498
diagnostic_baseline\run_1,21,422,472,False,0.021065463238925327,0.000991752332013346,0.10537183606157116,0.05372668243944645
diagnostic_baseline\run_1,22,473,512,False,0.020287136593833566,-0.0007783266450917606,0.10069109601899981,0.04749865962658077
diagnostic_baseline\run_1,23,513,552,False,0.022242534160614013,0.0019553975667804466,0.1105943152680993,0.05237152739427984
diagnostic_baseline\run_1,24,553,594,False,0.02300418589618944,0.0007616517355754256,0.11128662029902141,0.05629187276852982
diagnostic_baseline\run_1,25,595,635,False,0.02406872325099823,0.0010645373548087908,0.1136625423664,0.05001212156763891
diagnostic_baseline\run_1,26,636,677,False,0.02689371761378078,0.0028249943627825513,0.1284341900831177,0.054593789080778755
diagnostic_baseline\run_1,27,678,721,False,0.027020056541501122,0.00012633892772034166,0.12754636511883952,0.05133362110196189
diagnostic_baseline\run_1,28,722,767,False,0.026611183486554935,-0.00040887305494618706,0.1263107088920863,0.05023702645026471
diagnostic_baseline\run_1,29,768,808,False,0.027275970251095003,0.0006647867645400672,0.1318122164868727,0.055104964662615843
diagnostic_baseline\run_1,30,809,850,False,0.031490685063458625,0.004214714812363622,0.1462325535359837,0.056176442032059036
diagnostic_baseline\run_1,31,851,894,False,0.02781758482821963,-0.0036731002352389935,0.13437347249551254,0.04504371387884021
diagnostic_baseline\run_1,32,895,934,False,0.031990030640736224,0.0041724458125165925,0.15045993849635125,0.05686065307818353
diagnostic_baseline\run_1,33,935,969,False,0.032091565164072175,0.00010153452333595131,0.15042048181806292,0.04880299717187882
diagnostic_baseline\run_1,34,970,1009,True,0.041721400199458004,0.00962983503538583,0.18458733335137367,0.120590091496706
diagnostic_baseline\run_1,35,1010,1071,False,0.036910306211681135,-0.00481109398777687,0.18648754456831562,0.0942501169178755
diagnostic_baseline\run_1,36,1072,1110,False,0.033660941828901954,-0.003249364382779181,0.16430992862352958,0.07645958475768566
diagnostic_baseline\run_1,37,1111,1153,False,0.03596799924623135,0.0023070574173293945,0.17248545950928398,0.0896474939099578
diagnostic_baseline\run_1,38,1154,1196,False,0.03663091127609098,0.0006629120298596303,0.17615008180917696,0.07228711238780687
diagnostic_baseline\run_1,39,1197,1234,False,0.036676232310894286,4.5321034803307014e-05,0.17290779575705528,0.07250997781949609
diagnostic_baseline\run_1,40,1235,1279,False,0.03711623731586668,0.00044000500497239775,0.17583036339945263,0.07888317795263397
diagnostic_baseline\run_1,41,1280,1325,False,0.03561672839619543,-0.0014995089196712524,0.17066402053055557,0.07058058152704136
diagnostic_baseline\run_1,42,1326,1365,False,0.03712803921662271,0.0015113108204272765,0.17455016486346722,0.07825534152798355
diagnostic_baseline\run_1,43,1366,1407,False,0.03827765717038086,0.0011496179537581544,0.17808646318458377,0.07055875215502012
diagnostic_baseline\run_1,44,1408,1450,False,0.03577675687712292,-0.002500900293257939,0.17385828806910403,0.0778762005096258
diagnostic_baseline\run_1,45,1451,1484,False,0.04102856287842288,0.005251806001299958,0.18911474066622116,0.07958180235479684
diagnostic_baseline\run_1,46,1485,1533,False,0.03738663368383233,-0.003641929194590554,0.17924361219819712,0.08284057068581484
diagnostic_baseline\run_1,47,1534,1574,False,0.04012187533989185,0.0027352416560595255,0.18710600457540372,0.09557551063778924
diagnostic_baseline\run_1,48,1575,1618,False,0.03988610787994482,-0.0002357674599470297,0.18633564934134483,0.08072387016463009
diagnostic_baseline\run_1,49,1619,1657,False,0.03914447262501105,-0.0007416352549337729,0.1870610469426864,0.07667376645482503
diagnostic_baseline\run_1,50,1658,1701,False,0.041217053393748676,0.0020725807687376266,0.1902085200629451,0.08195895528082144
diagnostic_baseline\run_1,51,1702,1748,False,0.04170966600166991,0.0004926126079212306,0.1938349480958695,0.09173790702318892
diagnostic_baseline\run_1,52,1749,1789,False,0.04135856359470182,-0.00035110240696809014,0.19235048788349804,0.07821416586819219
diagnostic_baseline\run_1,53,1790,1829,False,0.040423868037760255,-0.0009346955569415616,0.1925381638109684,0.06996288928203284
diagnostic_baseline\run_1,54,1830,1873,False,0.044917191717435016,0.004493323679674761,0.20536011118780484,0.08060831686651165
diagnostic_baseline\run_1,55,1874,1913,False,0.041483187163248655,-0.003434004554186361,0.19498258791863918,0.09317911476828158
diagnostic_baseline\run_1,56,1914,1952,False,0.04151835889579394,3.5171732545281886e-05,0.1926925893013294,0.06768793617494595
diagnostic_baseline\run_1,57,1953,1986,False,0.043427969164708084,0.001909610268914147,0.20188013814827976,0.09786014039726819
diagnostic_baseline\run_1,58,1987,2022,True,0.052501128882997565,0.00907315971828948,0.23671539086434576,0.19154148569537532
diagnostic_baseline\run_1,59,2023,2066,False,0.04632454890419136,-0.006176579978806204,0.2258895571258935,0.13116436375474388
diagnostic_baseline\run_1,60,2067,2099,False,0.0461661715737798,-0.00015837733041156044,0.21391240800871994,0.1340068874485565
diagnostic_baseline\run_1,61,2100,2139,False,0.046311024995520714,0.00014485342174091337,0.21495844312012197,0.12484096353873611
diagnostic_baseline\run_1,62,2140,2178,False,0.046378394158986896,6.736916346618271e-05,0.2161201849961892,0.11664198377193549
diagnostic_baseline\run_1,63,2179,2216,False,0.04577385389098996,-0.0006045402679969378,0.21334046713615717,0.09496335675449748
diagnostic_baseline\run_1,64,2217,2258,False,0.04670597617292688,0.0009321222819369188,0.2172472413097109,0.11994161097598928
diagnostic_baseline\run_1,65,2259,2292,False,0.04451598248937551,-0.0021899936835513695,0.20941431206815384,0.09087143832927241
diagnostic_baseline\run_1,66,2293,2329,False,0.046245757188345935,0.0017297746989704266,0.21386085974203572,0.1183003947843571
diagnostic_baseline\run_1,67,2330,2370,False,0.04622484598217941,-2.0911206166526752e-05,0.21607536768041005,0.11108045625250514
diagnostic_baseline\run_1,68,2371,2416,False,0.04733129967327999,0.0011064536911005798,0.21902463520350662,0.12109435884201009
diagnostic_baseline\run_1,69,2417,2458,False,0.04724799721900906,-8.33024542709268e-05,0.21558885524670282,0.1020361530106692
diagnostic_baseline\run_1,70,2459,2496,False,0.049327990628386796,0.0020799934093777353,0.2304100386406246,0.11669121011111297
diagnostic_baseline\run_1,71,2497,2529,False,0.04871941504604889,-0.0006085755823379072,0.22578256644985892,0.11581424900302381
diagnostic_baseline\run_1,72,2530,2562,False,0.04883552195899414,0.00011610691294525188,0.22409195340040958,0.13141310361750197
diagnostic_baseline\run_1,73,2563,2595,False,0.05009874735366215,0.0012632253946680064,0.2295326762127154,0.10574833681863366
diagnostic_baseline\run_1,74,2596,2628,False,0.05139608805378278,0.001297340700120636,0.23679361605282986,0.11259839841813753
diagnostic_baseline\run_1,75,2629,2669,False,0.050243318626066534,-0.0011527694277162492,0.23532148396096578,0.1094811536008265
diagnostic_baseline\run_1,76,2670,2700,False,0.049317802272496686,-0.0009255163535698482,0.22954290816860815,0.12474249543682221
diagnostic_baseline\run_1,77,2701,2740,False,0.04801799668930471,-0.001299805583191975,0.2213586639612913,0.11343676885589957
diagnostic_baseline\run_1,78,2741,2774,False,0.04857929302927326,0.0005612963399685492,0.22597830611116745,0.12278006121735363
diagnostic_baseline\run_1,79,2775,2814,False,0.04860365204513073,2.435901585746969e-05,0.22672934532165528,0.11689877863973379
diagnostic_baseline\run_1,80,2815,2850,False,0.051364452267686524,0.002760800222555794,0.2381353523168299,0.11234798044380215
diagnostic_baseline\run_1,81,2851,2895,False,0.05062278178003099,-0.0007416704876555338,0.23424430820677017,0.09931699857115746
diagnostic_baseline\run_1,82,2896,2930,False,0.05121407977172306,0.0005912979916920733,0.23878316155501775,0.12064101791807584
diagnostic_baseline\run_1,83,2931,2968,False,0.05228548359714056,0.0010714038254174968,0.24033889605810768,0.1408059045084213
diagnostic_baseline\run_1,84,2969,3006,True,0.05896433403617457,0.006678850439034011,0.2540105385215659,0.1886936539391938
diagnostic_baseline\run_1,85,3007,3044,False,0.05625375860223645,-0.0027105754339381213,0.2563408032843941,0.2515668877841611
diagnostic_baseline\run_1,86,3045,3087,False,0.05202081548266633,-0.004232943119570121,0.23813495386478511,0.15654622503491336
diagnostic_baseline\run_1,87,3088,3122,False,0.05195065587759018,-7.01596050761491e-05,0.23969060012272425,0.12447178129638944
diagnostic_baseline\run_1,88,3123,3163,False,0.05587040328579705,0.003919747408206872,0.2516652193011307,0.1658247552993821
diagnostic_baseline\run_1,89,3164,3199,False,0.052612901768750615,-0.0032575015170464364,0.24343913545211157,0.15045052570187384
diagnostic_baseline\run_1,90,3200,3237,False,0.05372709584863562,0.0011141940798850072,0.24358690412420975,0.151614169933294
diagnostic_baseline\run_1,91,3238,3274,False,0.05399821200282187,0.0002711161541862489,0.24742564317342397,0.1429136051116763
diagnostic_baseline\run_1,92,3275,3310,False,0.05097807654076152,-0.0030201354620603485,0.23244577190942234,0.12820752384141088
diagnostic_baseline\run_1,93,3311,3349,False,0.05336878324548403,0.002390706704722509,0.24496575311208382,0.14874872718101892
diagnostic_baseline\run_1,94,3350,3388,False,0.05589987528629792,0.0025310920408138857,0.25399697514680714,0.19025650496284166
diagnostic_baseline\run_1,95,3389,3424,False,0.053267839985589184,-0.0026320353007087335,0.24508239908350837,0.15759741783969933
diagnostic_baseline\run_1,96,3425,3458,False,0.05627081663731266,0.0030029766517234782,0.2576954903848031,0.17541621592553222
diagnostic_baseline\run_1,97,3459,3502,False,0.05509707915850661,-0.0011737374788060514,0.25303964215246116,0.17189883127469907
diagnostic_baseline\run_1,98,3503,3545,False,0.05270443354235139,-0.002392645616155223,0.24456664781237758,0.15672023819629535
diagnostic_baseline\run_1,99,3546,3586,False,0.053469814178420276,0.0007653806360688881,0.24326565607291897,0.15866231391342675
diagnostic_baseline\run_1,100,3587,3631,False,0.055720988661050797,0.0022511744826305205,0.2537101984024048,0.15730408314201566
diagnostic_baseline\run_1,101,3632,3667,False,0.05700214941882425,0.0012811607577734516,0.25837401755981976,0.2198367009146346
diagnostic_baseline\run_1,102,3668,3705,False,0.054734774620125166,-0.0022673747986990817,0.25138935838875015,0.17123740323280034
diagnostic_baseline\run_1,103,3706,3741,False,0.05500031200548013,0.0002655373853549664,0.24916136802898514,0.1671382277790043
diagnostic_baseline\run_1,104,3742,3777,False,0.05842656238625447,0.0034262503807743344,0.2635874106652207,0.13883877183414167
diagnostic_baseline\run_1,105,3778,3813,False,0.056622149836685925,-0.0018044125495685417,0.2584752005835374,0.15149674518033862
diagnostic_baseline\run_1,106,3814,3853,False,0.05432390281930566,-0.002298247017380267,0.25047986172139647,0.1472732805646956
diagnostic_baseline\run_1,107,3854,3886,False,0.05557962653763367,0.0012557237183280084,0.2525954160726432,0.20229630262562723
diagnostic_baseline\run_1,108,3887,3915,False,0.05698877444555019,0.0014091479079165262,0.25933303452771284,0.1668422265170977
diagnostic_baseline\run_1,109,3916,3954,False,0.05785013143068705,0.0008613569851368547,0.26266692808041203,0.17576557574554896
diagnostic_baseline\run_1,110,3955,3991,False,0.054592922027852084,-0.003257209402834964,0.2488120431835587,0.17896907504748655
diagnostic_baseline\run_1,111,3992,4028,True,0.0681336764749643,0.01354075444711221,0.2911901780076929,0.41963835201553396
diagnostic_baseline\run_1,112,4029,4069,False,0.062195822142246296,-0.005937854332717998,0.2733904991934939,0.20649448591398029
diagnostic_baseline\run_1,113,4070,4104,False,0.058259797734873636,-0.00393602440737266,0.26895961250577655,0.18245705387422018
diagnostic_baseline\run_1,114,4105,4146,False,0.060185160842679795,0.0019253631078061592,0.26680563461212886,0.19645995096791358
diagnostic_baseline\run_1,115,4147,4180,False,0.05766930233906297,-0.0025158585036168246,0.25805533677339554,0.17488997835008538
diagnostic_baseline\run_1,116,4181,4214,False,0.05964310730204863,0.001973804962985659,0.26425213498227734,0.19894764057415373
diagnostic_baseline\run_1,117,4215,4249,False,0.059022385946341925,-0.0006207213557067048,0.26759346042360577,0.21688644508165972
diagnostic_baseline\run_1,118,4250,4289,False,0.06023542620241642,0.0012130402560744935,0.2713238213211298,0.17671000962145628
diagnostic_baseline\run_1,119,4290,4324,False,0.05914646983146667,-0.0010889563709497452,0.2615012913942337,0.18039681687951087
diagnostic_baseline\run_1,120,4325,4360,False,0.06096104025426838,0.0018145704228017048,0.2692827247083187,0.19095004225770632
diagnostic_baseline\run_1,121,4361,4393,False,0.059904067240881195,-0.001056973013387183,0.27281518370816205,0.19254454789739667
diagnostic_baseline\run_1,122,4394,4431,False,0.06075019448211318,0.0008461272412319878,0.27357324369643865,0.19870194733927124
diagnostic_baseline\run_1,123,4432,4470,False,0.06234812889343653,0.0015979344113233457,0.27831544364110017,0.20006801379032624
diagnostic_baseline\run_1,124,4471,4505,False,0.06023126585142953,-0.0021168630420069987,0.2704376369714737,0.18481714331677981
diagnostic_baseline\run_1,125,4506,4545,False,0.05792866833508015,-0.0023025975163493834,0.2624007198959589,0.17045757891610264
diagnostic_baseline\run_1,126,4546,4580,False,0.061098693630525044,0.0031700252954448976,0.2715856109346662,0.21919459817664963
diagnostic_baseline\run_1,127,4581,4616,False,0.06026757684432798,-0.0008311167861970656,0.26873088338308865,0.1946594183229738
diagnostic_baseline\run_1,128,4617,4649,False,0.06122111946795926,0.0009535426236312802,0.27181005387595203,0.23725137159679877
diagnostic_baseline\run_1,129,4650,4686,False,0.06281076663651981,0.001589647168560554,0.27320457672750625,0.22485048837355665
diagnostic_baseline\run_1,130,4687,4718,False,0.05979871505405754,-0.0030120515824622746,0.2733520194888115,0.16364125371910632
diagnostic_baseline\run_1,131,4719,4759,False,0.06207932431886836,0.002280609264810822,0.2756859067736602,0.17090245027367662
diagnostic_baseline\run_1,132,4760,4796,False,0.06149300137484396,-0.0005863229440244005,0.27513807246813904,0.2548638258028675
diagnostic_baseline\run_1,133,4797,4833,False,0.06310044027663567,0.0016074389017917065,0.2796314024441951,0.1705408061074244
diagnostic_baseline\run_1,134,4834,4863,False,0.058706144243478774,-0.004394296033156893,0.2664511372645696,0.19115924102564652
diagnostic_baseline\run_1,135,4864,4900,False,0.059678870882536914,0.0009727266390581399,0.2677085568776002,0.16430939713845383
diagnostic_baseline\run_1,136,4901,4933,False,0.06252830565878839,0.0028494347762514777,0.2737882308887713,0.24920097162777727
diagnostic_baseline\run_1,137,4934,4967,False,0.06275685953305048,0.00022855387426208573,0.28094304265344844,0.1953025893034304
diagnostic_baseline\run_1,138,4968,5000,False,0.0598703772958481,-0.0028864822372023785,0.2748966099637927,0.18634581927097205
diagnostic_baseline\run_1,139,5001,5034,True,0.07746795334798448,0.017597576052136382,0.30054109631215825,0.5175025761127472
diagnostic_baseline\run_1,140,5035,5069,False,0.06575568595102856,-0.011712267396955925,0.2838303106171744,0.2609730548092297
diagnostic_baseline\run_1,141,5070,5103,False,0.06397848532480352,-0.0017772006262250367,0.2811141364714679,0.21226055963951
diagnostic_baseline\run_1,142,5104,5136,False,0.06414685895045598,0.00016837362565245984,0.2823691905447931,0.26802160387689417
diagnostic_baseline\run_1,143,5137,5173,False,0.06438129717433774,0.00023443822388176383,0.2803771213905231,0.21709960376894152
diagnostic_baseline\run_1,144,5174,5210,False,0.06491497863788863,0.0005336814635508863,0.2826336839714566,0.22548034434785713
diagnostic_baseline\run_1,145,5211,5246,False,0.06761718013634284,0.0027022014984542098,0.28940391954448486,0.27351333252671695
diagnostic_baseline\run_1,146,5247,5280,False,0.06555330994374611,-0.0020638701925967257,0.28258147660423727,0.22663358116851134
diagnostic_baseline\run_1,147,5281,5315,False,0.06511231277670179,-0.00044099716704432135,0.28130207061767576,0.21222665192825454
diagnostic_baseline\run_1,148,5316,5346,False,0.06292533225590183,-0.0021869805207999637,0.2754284792369412,0.2749541026930655
diagnostic_baseline\run_1,149,5347,5378,False,0.06580858107190579,0.0028832488160039638,0.28084992803633213,0.25382509105838835
diagnostic_baseline\run_1,150,5379,5411,False,0.06497365789431514,-0.0008349231775906518,0.2821854759346355,0.23076758341807307
diagnostic_baseline\run_1,151,5412,5450,False,0.0644955929273214,-0.00047806496699373535,0.27841455890582156,0.2741496444512636
diagnostic_baseline\run_1,152,5451,5489,False,0.06696089137441073,0.0024652984470893285,0.2920405012674821,0.2532015011096612
diagnostic_baseline\run_1,153,5490,5524,False,0.06432444346802575,-0.002636447906384981,0.27842611968517306,0.2623980877654893
diagnostic_baseline\run_1,154,5525,5565,False,0.06525562721781614,0.0009311837497903847,0.28573310520590806,0.19526461248354213
diagnostic_baseline\run_1,155,5566,5596,False,0.06528636668958972,3.0739471773580385e-05,0.2792290011721273,0.2093199968578354
diagnostic_baseline\run_1,156,5597,5626,False,0.06719420577088991,0.0019078390813001972,0.2920150359471639,0.21367584466934203
diagnostic_baseline\run_1,157,5627,5663,False,0.06455554662121309,-0.002638659149676828,0.2848045121173601,0.22544115107204463
diagnostic_baseline\run_1,158,5664,5696,False,0.06702908320408879,0.0024735365828757044,0.2893927991390228,0.27003980269937805
diagnostic_baseline\run_1,159,5697,5736,False,0.06742097921669483,0.0003918960126060439,0.29601741656661035,0.23836486805230378
diagnostic_baseline\run_1,160,5737,5774,False,0.06760518458720885,0.0001842053705140151,0.2970816461663497,0.26781546902891834
diagnostic_baseline\run_1,161,5775,5809,False,0.06472231149673462,-0.0028828730904742333,0.2844522429364068,0.238948136142322
diagnostic_baseline\run_1,162,5810,5841,False,0.06736186204943806,0.002639550552703443,0.2933412636630237,0.17406057857442647
diagnostic_baseline\run_1,163,5842,5871,False,0.0643309668948253,-0.003030895154612759,0.28723360896110534,0.22316506505012512
diagnostic_baseline\run_1,164,5872,5906,False,0.0682746606213706,0.003943693726545294,0.2910879978111812,0.2625052570232323
diagnostic_baseline\run_1,165,5907,5936,False,0.06549670087794462,-0.00277795974342597,0.2844367116689682,0.2719204251964887
diagnostic_baseline\run_1,166,5937,5971,False,0.06617937620197023,0.0006826753240256056,0.28910356972898754,0.2005244090088776
diagnostic_baseline\run_1,167,5972,6003,True,0.06954188283998519,0.0033625066380149615,0.28986425790935755,0.34465658385306597
diagnostic_baseline\run_1,168,6004,6034,False,0.07812107102044168,0.008579188180456485,0.32608126728765424,0.453296123252761
diagnostic_baseline\run_1,169,6035,6064,False,0.0737939855704705,-0.00432708544997118,0.3115810046593348,0.27661964669823647
diagnostic_baseline\run_1,170,6065,6100,False,0.06953791766944858,-0.004256067901021912,0.29520321057902443,0.26263990346342325
diagnostic_baseline\run_1,171,6101,6140,False,0.06646101167425514,-0.0030769059951934463,0.2887070395052433,0.2496515261940658
diagnostic_baseline\run_1,172,6141,6173,False,0.06976554531491164,0.0033045336406564985,0.29111705539804517,0.23794944550503383
diagnostic_baseline\run_1,173,6174,6206,False,0.0691207256732565,-0.0006448196416551366,0.29746512481660553,0.26144041933796625
diagnostic_baseline\run_1,174,6207,6237,False,0.069100042504649,-2.0683168607496527e-05,0.29074607885652975,0.26374292493827883
diagnostic_baseline\run_1,175,6238,6271,False,0.06896082925445893,-0.00013921325019007613,0.29752616803435716,0.27052896908100915
diagnostic_baseline\run_1,176,6272,6306,False,0.06750953548720905,-0.001451293767249881,0.2905030131340027,0.3121413773724011
diagnostic_baseline\run_1,177,6307,6337,False,0.07595725021054668,0.008447714723337635,0.31497582504826205,0.25274653588571855
diagnostic_baseline\run_1,178,6338,6369,False,0.06719199218787253,-0.008765258022674152,0.2984328530728817,0.27864136593416333
diagnostic_baseline\run_1,179,6370,6407,False,0.06682521643999376,-0.00036677574787877254,0.28625649684353877,0.2550523298743524
diagnostic_baseline\run_1,180,6408,6440,False,0.06956794090343243,0.0027427244634386783,0.2950905913656408,0.23504268197399197
diagnostic_baseline\run_1,181,6441,6472,False,0.06984727282542735,0.00027933192199491863,0.3031876878812909,0.23654789943248034
diagnostic_baseline\run_1,182,6473,6505,False,0.06968063578912706,-0.00016663703630029336,0.2932358898899772,0.25310752552115556
diagnostic_baseline\run_1,183,6506,6536,False,0.0686051064441281,-0.0010755293449989656,0.29806785670018965,0.2236795927728376
diagnostic_baseline\run_1,184,6537,6570,False,0.06781679446644642,-0.0007883119776816716,0.2958547806038576,0.3004261350587887
diagnostic_baseline\run_1,185,6571,6608,False,0.07073533348739147,0.002918539020945049,0.30019675979488775,0.269223383480781
diagnostic_baseline\run_1,186,6609,6645,False,0.07052904447993717,-0.00020628900745429946,0.3019086710504583,0.2786128019561639
diagnostic_baseline\run_1,187,6646,6679,False,0.06834462537046741,-0.0021844191094697596,0.3007371162666994,0.25093482117004257
diagnostic_baseline\run_1,188,6680,6713,False,0.07324190766495817,0.004897282294490754,0.3106713365106022,0.29563172293059964
diagnostic_baseline\run_1,189,6714,6746,False,0.07182881845669313,-0.0014130892082650365,0.3029711007168799,0.263640974055637
diagnostic_baseline\run_1,190,6747,6780,False,0.0729963341180016,0.0011675156613084742,0.30726608896956725,0.34066201856031136
diagnostic_baseline\run_1,191,6781,6811,False,0.06928720817931237,-0.003709125938689231,0.2946755415008914,0.24279545740254463
diagnostic_baseline\run_1,192,6812,6841,False,0.07068350290258725,0.0013962947232748768,0.30112286657094955,0.2722536844511827
diagnostic_baseline\run_1,193,6842,6876,False,0.07276085157479559,0.0020773486722083373,0.3028330181326185,0.245819824721132
diagnostic_baseline\run_1,194,6877,6911,False,0.07182480416127614,-0.0009360474135194502,0.3086817345448903,0.2468892359307834
diagnostic_baseline\run_1,195,6912,6938,False,0.07040496267102382,-0.001419841490252316,0.29733683279267065,0.28807756553093594
diagnostic_baseline\run_1,196,6939,6970,False,0.07024788379203528,-0.00015707887898853967,0.3045552661642432,0.28238347941078246
diagnostic_baseline\run_1,197,6971,7004,True,0.07687110662022058,0.006623222828185296,0.3113422941635637,0.39875349829740386
diagnostic_baseline\run_1,198,7005,7037,False,0.08188409448573084,0.005012987865510257,0.3163113431497054,0.48505350089434424
diagnostic_baseline\run_1,199,7038,7070,False,0.07369522095629663,-0.008188873529434204,0.3082771070978858,0.32156787733688497
diagnostic_baseline\run_1,200,7071,7101,False,0.06744354879183154,-0.006251672164465094,0.2944933786507576,0.33750535127136017
diagnostic_baseline\run_1,201,7102,7133,False,0.07429372589103878,0.006850177099207239,0.30298628099262714,0.2786508465651423
diagnostic_baseline\run_1,202,7134,7162,False,0.07543398516959157,0.0011402592785527965,0.3077792340311511,0.24401552872411136
diagnostic_baseline\run_1,203,7163,7192,False,0.07146412196258704,-0.003969863207004529,0.29901439348856607,0.23247136076291403
diagnostic_baseline\run_1,204,7193,7223,False,0.07551171137921271,0.004047589416625669,0.3090003651957358,0.267529750182744
diagnostic_baseline\run_1,205,7224,7257,False,0.07335303712855368,-0.0021586742506590345,0.3084148168563843,0.27616211640484195
diagnostic_baseline\run_1,206,7258,7290,False,0.07080753463687318,-0.002545502491680493,0.30031897127628326,0.23096595027230002
diagnostic_baseline\run_1,207,7291,7323,False,0.07086277132232983,5.523668545664995e-05,0.30050506645982916,0.29324248839508404
diagnostic_baseline\run_1,208,7324,7353,False,0.07281404820581278,0.0019512768834829414,0.31282970905303953,0.25861623995006083
diagnostic_baseline\run_1,209,7354,7386,False,0.07513911830204906,0.0023250700962362814,0.3172947213505254,0.32257196036252106
diagnostic_baseline\run_1,210,7387,7422,False,0.07502127945837048,-0.00011783884367858044,0.31147855354679954,0.2874167165201571
diagnostic_baseline\run_1,211,7423,7457,False,0.0757311999797821,0.000709920521411625,0.313959881237575,0.30353629354919703
diagnostic_baseline\run_1,212,7458,7488,False,0.07483868709494991,-0.0008925128848321917,0.3111703607343858,0.2734317971814063
diagnostic_baseline\run_1,213,7489,7518,False,0.07475316661099593,-8.552048395397971e-05,0.3056786517302195,0.2790634371340275
diagnostic_baseline\run_1,214,7519,7551,False,0.07506531364086902,0.00031214702987308884,0.31445488875562494,0.29212447413892456
diagnostic_baseline\run_1,215,7552,7584,False,0.0726321278647943,-0.0024331857760747228,0.3007951189171184,0.264466536767555
diagnostic_baseline\run_1,216,7585,7614,False,0.07500535895427068,0.002373231089476388,0.307604144513607,0.3135395606358846
diagnostic_baseline\run_1,217,7615,7652,False,0.06973670168142569,-0.005268657272844993,0.3004212167702223,0.2878791827120279
diagnostic_baseline\run_1,218,7653,7682,False,0.0757662213097016,0.0060295196282759145,0.3098131944735845,0.31555824130773547
diagnostic_baseline\run_1,219,7683,7723,False,0.07406007480330584,-0.0017061465063957643,0.3079570786255162,0.2655677410160623
diagnostic_baseline\run_1,220,7724,7753,False,0.07704767597218355,0.00298760116887771,0.3269973357518514,0.3447795326511065
diagnostic_baseline\run_1,221,7754,7784,False,0.0744294295868566,-0.0026182463853269555,0.3138257880364695,0.3279950409646957
diagnostic_baseline\run_1,222,7785,7820,False,0.07512118688060178,0.0006917572937451821,0.32013586080736584,0.2979733031243086
diagnostic_baseline\run_1,223,7821,7852,False,0.07356544130016118,-0.0015557455804405956,0.3085293797776103,0.25507000950165093
diagnostic_baseline\run_1,224,7853,7886,False,0.07615523621001664,0.0025897949098554612,0.31918206460335674,0.31401950493454933
diagnostic_baseline\run_1,225,7887,7917,False,0.07330176222228235,-0.0028534739877342924,0.3142092429822491,0.27949814786834104
diagnostic_baseline\run_1,226,7918,7950,False,0.07568532792907773,0.0023835657067953764,0.3162175543380506,0.27014367508165765
diagnostic_baseline\run_1,227,7951,7984,False,0.07413288260645726,-0.0015524453226204715,0.3070409100721864,0.3151258185286732
diagnostic_baseline\run_1,228,7985,8018,True,0.07908724971553859,0.0049543671090813285,0.322700189316974,0.5661072251113022
diagnostic_baseline\run_1,229,8019,8052,False,0.08220049848451334,0.003113248768974758,0.3279954436070779,0.4215243798406685
diagnostic_baseline\run_1,230,8053,8084,False,0.07728047820273787,-0.004920020281775475,0.31813842337578535,0.3464297326281667
diagnostic_baseline\run_1,231,8085,8115,False,0.07651834406198994,-0.0007621341407479248,0.3173273580689584,0.328789470176543
diagnostic_baseline\run_1,232,8116,8145,False,0.07378010426958402,-0.002738239792405922,0.3044004708528519,0.25526862355569996
diagnostic_baseline\run_1,233,8146,8176,False,0.06835842961745878,-0.005421674652125244,0.2953016104236726,0.30384320885904376
diagnostic_baseline\run_1,234,8177,8210,False,0.0791537574328044,0.010795327815345618,0.3197256405563915,0.33842343661715
diagnostic_baseline\run_1,235,8211,8238,False,0.08239922566073281,0.0032454682279284136,0.3247343067611967,0.43040016426571776
diagnostic_baseline\run_1,236,8239,8273,False,0.07149623824017388,-0.010902987420558924,0.3111486417906625,0.32640899419784547
diagnostic_baseline\run_1,237,8274,8305,False,0.07710497174412012,0.005608733503946237,0.3223407920449972,0.3527155441697687
diagnostic_baseline\run_1,238,8306,8340,False,0.0757876920912947,-0.0013172796528254233,0.3177638258252825,0.2683333513992173
diagnostic_baseline\run_1,239,8341,8376,False,0.07496007045523988,-0.0008276216360548205,0.31407344920767677,0.26749479129082626
diagnostic_baseline\run_1,240,8377,8407,False,0.08155892272630046,0.006598852271060579,0.33210903117733614,0.2692657308953424
diagnostic_baseline\run_1,241,8408,8439,False,0.0843247928423807,0.0027658701160802462,0.3247791975736618,0.32165168575011194
diagnostic_baseline\run_1,242,8440,8472,False,0.07519418430147749,-0.00913060854090321,0.3176220127127387,0.36434116835395497
diagnostic_baseline\run_1,243,8473,8505,False,0.07954867906642682,0.0043544947649493265,0.31678094647147437,0.36926782040885
diagnostic_baseline\run_1,244,8506,8540,False,0.08368148314101355,0.0041328040745867295,0.3254162047590528,0.3204368914876665
diagnostic_baseline\run_1,245,8541,8573,False,0.07842630960724571,-0.005255173533767837,0.32017630428978894,0.3636149494259646
diagnostic_baseline\run_1,246,8574,8608,False,0.07733386989150728,-0.0010924397157384275,0.32045500704220364,0.3162709850285734
diagnostic_baseline\run_1,247,8609,8707,False,0.07845635512712026,0.00112248523561298,0.3225308817745459,0.3413652032613754
diagnostic_baseline\run_1,248,8708,8744,False,0.07625630850324759,-0.002200046623872673,0.3180774007294629,0.2818592942848399
diagnostic_baseline\run_1,249,8745,8783,False,0.07972735405350342,0.003471045550255833,0.326387277780435,0.3327656262196027
diagnostic_baseline\run_1,250,8784,8818,False,0.07861450953142983,-0.0011128445220735944,0.32390606233051844,0.3844286486506462
diagnostic_baseline\run_1,251,8819,8848,False,0.0761779185384512,-0.0024365909929786322,0.3175892233848572,0.3101424182454745
diagnostic_baseline\run_1,252,8849,8880,False,0.08061679813545197,0.004438879597000775,0.31775197479873896,0.3865942545235157
diagnostic_baseline\run_1,253,8881,8916,False,0.08068491487453382,6.811673908184435e-05,0.3289927964409192,0.41644358158939415
diagnostic_baseline\run_1,254,8917,8947,False,0.07881059822055601,-0.0018743166539778033,0.3226315907893642,0.4257043484718569
diagnostic_baseline\run_1,255,8948,8978,False,0.0770065002143383,-0.0018040980062177109,0.3090170934315651,0.35197921794268394
diagnostic_baseline\run_1,256,8979,9015,True,0.09452457363541061,0.01751807342107231,0.3514554597236015,0.6554471399333026
diagnostic_baseline\run_1,257,9016,9058,False,0.08666493284494378,-0.007859640790466832,0.33400869923968646,0.5292540400527245
diagnostic_baseline\run_1,258,9059,9089,False,0.08316710290889587,-0.0034978299360479137,0.3338997171771142,0.38716399861920264
diagnostic_baseline\run_1,259,9090,9127,False,0.07713261040809907,-0.006034492500796795,0.3262471062572379,0.38316005605616066
diagnostic_baseline\run_1,260,9128,9158,False,0.08000050617321845,0.00286789576511938,0.3254891633987427,0.3355521343408092
diagnostic_baseline\run_1,261,9159,9191,False,0.08109672909433191,0.0010962229211134572,0.3251548120469758,0.40452120972402167
diagnostic_baseline\run_1,262,9192,9227,False,0.08008364650110404,-0.001013082593227868,0.3221707542737325,0.37065877620544696
diagnostic_baseline\run_1,263,9228,9262,False,0.07908897761787687,-0.000994668883227176,0.3204858618123191,0.43869583031960896
diagnostic_baseline\run_1,264,9263,9294,False,0.08470938936807215,0.005620411750195287,0.3313662810251117,0.40106222801841795
diagnostic_baseline\run_1,265,9295,9325,False,0.08194256141301125,-0.002766827955060905,0.3230375782135994,0.42972561068111853
diagnostic_baseline\run_1,266,9326,9357,False,0.07939845172222704,-0.0025441096907842103,0.3218290600925684,0.3029223829507828
diagnostic_baseline\run_1,267,9358,9389,False,0.08835107833147049,0.008952626609243453,0.3345655780285597,0.3826392353512347
diagnostic_baseline\run_1,268,9390,9417,False,0.08571312017738819,-0.0026379581540822983,0.33522085206849234,0.3532845279467957
diagnostic_baseline\run_1,269,9418,9451,False,0.08919534591190956,0.003482225734521366,0.3371884770253125,0.3450247627847335
diagnostic_baseline\run_1,270,9452,9482,False,0.07874252478922567,-0.010452821122683892,0.3187760898182469,0.2886637165661781
diagnostic_baseline\run_1,271,9483,9515,False,0.0793685128517223,0.0006259880624966407,0.3228882677627332,0.34767903184348886
diagnostic_baseline\run_1,272,9516,9547,False,0.08464762347284704,0.0052791106211247385,0.3290958572179079,0.35616024024784565
diagnostic_baseline\run_1,273,9548,9578,False,0.08094170341087926,-0.0037059200619677796,0.3303387463092804,0.35442853815132574
diagnostic_baseline\run_1,274,9579,9613,False,0.08836833674992833,0.0074266333390490685,0.33138860293797084,0.4326357830848013
diagnostic_baseline\run_1,275,9614,9649,False,0.07994826417416334,-0.008420072575764992,0.32980763498279786,0.40894652985864216
diagnostic_baseline\run_1,276,9650,9681,False,0.07685338996816427,-0.0030948742059990764,0.32113889046013355,0.34835712099447846
diagnostic_baseline\run_1,277,9682,9717,False,0.08446138331459628,0.007607993346432015,0.33025511643952793,0.3293208995213111
diagnostic_baseline\run_1,278,9718,9750,False,0.07677408014283035,-0.007687303171765927,0.3157813079429395,0.30899524429079256
diagnostic_baseline\run_1,279,9751,9780,False,0.07361412073175112,-0.00315995941107923,0.3100429177284241,0.3039417676627636
diagnostic_baseline\run_1,280,9781,9808,False,0.08040061792624849,0.006786497194497365,0.33149530632155283,0.3187957147934607
diagnostic_baseline\run_1,281,9809,9841,False,0.08481877556804454,0.004418157641796053,0.3290288367054679,0.37737447678139713
diagnostic_baseline\run_1,282,9842,9877,False,0.08822729821420378,0.0034085226461592344,0.3351312619116571,0.3560275851438443
diagnostic_baseline\run_1,283,9878,9915,False,0.08138767002444518,-0.006839628189758598,0.33374494863183873,0.45540867216492953
diagnostic_baseline\run_1,284,9916,9953,False,0.08137293679541663,-1.473322902854901e-05,0.32476748526096344,0.3655220956394547
diagnostic_baseline\run_1,285,9954,9979,False,0.07944336891747437,-0.0019295678779422537,0.3159439047941795,0.3016553068390259
diagnostic_baseline\run_1,286,9980,10017,True,0.09444280635369451,0.014999437436220134,0.35416295261759506,0.6775787823686474
diagnostic_baseline\run_1,287,10018,10050,False,0.08355125513943759,-0.010891551214256917,0.34074487379102997,0.5430702230695522
diagnostic_baseline\run_1,288,10051,10080,False,0.09218427017331124,0.008633015033873648,0.34908088147640226,0.3916811816394329
diagnostic_baseline\run_1,289,10081,10108,False,0.08431072533130646,-0.007873544842004782,0.3369912239057677,0.4484280723014048
diagnostic_baseline\run_1,290,10109,10143,False,0.07937013783625194,-0.0049405874950545214,0.32436330659048895,0.38637314651693616
diagnostic_baseline\run_1,291,10144,10175,False,0.08414239541161805,0.004772257575366118,0.33919542096555233,0.33704600227065384
diagnostic_baseline\run_1,292,10176,10213,False,0.08106242218299915,-0.0030799732286189013,0.32989897382886785,0.38336313476687983
diagnostic_baseline\run_1,293,10214,10243,False,0.08813048129280408,0.007068059109804931,0.32949610153834025,0.43614974717299143
diagnostic_baseline\run_1,294,10244,10278,False,0.0872682372374194,-0.0008622440553846811,0.3370614886283875,0.31207193125571525
diagnostic_baseline\run_1,295,10279,10312,False,0.08166976053925122,-0.005598476698168181,0.3353080021984437,0.38900476606453166
diagnostic_baseline\run_1,296,10313,10348,False,0.08924142374760574,0.0075716632083545204,0.3415952225526174,0.35090412716898656
diagnostic_baseline\run_1,297,10349,10381,False,0.0815304270522161,-0.007710996695389646,0.3303924997647603,0.3111515224657275
diagnostic_baseline\run_1,298,10382,10413,False,0.07418576488271356,-0.007344662169502539,0.313653064891696,0.3263464872725308
diagnostic_baseline\run_1,299,10414,10443,False,0.08933135370413463,0.015145588821421072,0.3405472884575526,0.3856458051751057
diagnostic_baseline\run_1,300,10444,10473,False,0.09458152254422506,0.005250168840090427,0.3434493005275726,0.4094937490920226
diagnostic_baseline\run_1,301,10474,10507,False,0.08841471352121409,-0.0061668090230109635,0.3409181079443763,0.3415585006861126
diagnostic_baseline\run_1,302,10508,10542,False,0.08876222318836621,0.00034750966715212106,0.32993368676730567,0.4087725884148053
diagnostic_baseline\run_1,303,10543,10575,False,0.08229625270222173,-0.006465970486144487,0.3361789015206424,0.42762716362873715
diagnostic_baseline\run_1,304,10576,10608,False,0.08913026625911395,0.006834013556892227,0.33804985971161816,0.3370728485963561
diagnostic_baseline\run_1,305,10609,10648,False,0.0892902135848999,0.0001599473257859474,0.34227765053510667,0.35577108785510064
diagnostic_baseline\run_1,306,10649,10680,False,0.08938285103067756,9.263744577765742e-05,0.3458950398489833,0.3320565631147474
diagnostic_baseline\run_1,307,10681,10780,False,0.0876345930993557,-0.001748257931321856,0.3370716658234596,0.3398646945878863
diagnostic_baseline\run_1,308,10781,10814,False,0.09453816580421784,0.006903572704862138,0.3432917182936388,0.4775165433392805
diagnostic_baseline\run_1,309,10815,10846,False,0.08418469910975546,-0.010353466694462382,0.3296840554103255,0.3823502925224602
diagnostic_baseline\run_1,310,10847,10881,False,0.09219148680567742,0.00800678769592196,0.33978828617504664,0.3345557823777199
diagnostic_baseline\run_1,311,10882,10918,False,0.0833875466440175,-0.008803940161659918,0.3308798380800196,0.5480013143371891
diagnostic_baseline\run_1,312,10919,10954,False,0.08684215622229709,0.0034546095782795883,0.3431951676805814,0.5519125480204821
diagnostic_baseline\run_1,313,10955,10985,False,0.08711519296611508,0.0002730367438179976,0.34345063951707655,0.3303502985546666
diagnostic_baseline\run_1,314,10986,11021,True,0.09626016155299214,0.00914496858687705,0.3403851315379143,0.6784858707752492
diagnostic_baseline\run_1,315,11022,11056,False,0.09003463366201946,-0.006225527890972679,0.33831874813352314,0.5050606046404157
diagnostic_baseline\run_1,316,11057,11087,False,0.08590650294096239,-0.004128130721057069,0.34063027078105557,0.44172790262006945
diagnostic_baseline\run_1,317,11088,11120,False,0.08936158895041003,0.003455086009447647,0.33971928827690356,0.5356383973901923
diagnostic_baseline\run_1,318,11121,11150,False,0.08570179032782714,-0.003659798622582894,0.3262132296959559,0.33912401770552
diagnostic_baseline\run_1,319,11151,11185,False,0.09240407837288721,0.0067022880450600675,0.33635649595941813,0.36631186977028846
diagnostic_baseline\run_1,320,11186,11217,False,0.08384452876634896,-0.00855954960653825,0.32376543153077364,0.43348516849800944
diagnostic_baseline\run_1,321,11218,11248,False,0.10060188366520789,0.016757354898858934,0.3494859674284535,0.37032876187755215
diagnostic_baseline\run_1,322,11249,11279,False,0.08463533703357942,-0.01596654663162847,0.3454042009768947,0.40510545911327484
diagnostic_baseline\run_2,15,40,96,False,0.038630004906863497,-0.005135506982242695,0.17916991705434365,0.07560607686377409
diagnostic_baseline\run_2,16,97,142,False,0.04075870614336884,0.0021287012365053468,0.1897963427979013,0.06967169686180094
diagnostic_baseline\run_2,17,143,185,False,0.042923348067804824,0.002164641924435981,0.19808068732882655,0.06961412892438644
diagnostic_baseline\run_2,18,186,233,False,0.04228709843785813,-0.0006362496299466974,0.19534182641655207,0.06406419557364036
diagnostic_baseline\run_2,19,234,275,False,0.04096923458079497,-0.001317863857063159,0.19180884141297566,0.06271003851933139
diagnostic_baseline\run_2,20,276,310,False,0.04079322314688138,-0.0001760114339135893,0.19331883617809842,0.07855531775525638
diagnostic_baseline\run_2,21,311,354,False,0.043126855595884,0.002333632449002622,0.20145043561404402,0.0875859832899137
diagnostic_baseline\run_2,22,355,397,False,0.043307295718858406,0.00018044012297440543,0.20114511875219124,0.07401025992666566
diagnostic_baseline\run_2,23,398,440,False,0.04196137384793093,-0.001345921870927476,0.1957111261611761,0.08430295589185038
diagnostic_baseline\run_2,24,441,484,False,0.04851292488588528,0.006551551037954351,0.22366932542486626,0.08491770195012743
diagnostic_baseline\run_2,25,485,528,False,0.04435170090503313,-0.004161223980852148,0.21200017901984128,0.0924864331133325
diagnostic_baseline\run_2,26,529,572,False,0.048498331061141056,0.004146630156107924,0.22058187357404016,0.08058324608613145
diagnostic_baseline\run_2,27,573,616,False,0.04395404314114289,-0.004544287919998169,0.20595326714894988,0.07824996761469678
diagnostic_baseline\run_2,28,617,654,False,0.04938495394430662,0.005430910803163734,0.2286484453238939,0.08161150110199263
diagnostic_baseline\run_2,29,655,692,False,0.04731652978807688,-0.0020684241562297437,0.2166944691225102,0.0831102560225286
diagnostic_baseline\run_2,30,693,731,False,0.04930443469530497,0.00198790490722809,0.22932157531762734,0.08205900355600394
diagnostic_baseline\run_2,31,732,771,False,0.047836644621565935,-0.0014677900737390323,0.222784511372447,0.08882191265001893
diagnostic_baseline\run_2,32,772,812,False,0.04827931977626754,0.00044267515470160224,0.2273677176818615,0.09114304180370598
diagnostic_baseline\run_2,33,813,857,False,0.04938781836794482,0.001108498591677283,0.22666667269335852,0.08062252981795205
diagnostic_baseline\run_2,34,858,898,False,0.05123325001175811,0.001845431643813289,0.2350387809480109,0.07407309310283602
diagnostic_baseline\run_2,35,899,941,False,0.050174847418485685,-0.0010584025932724242,0.23518672793410544,0.0816587226162123
diagnostic_baseline\run_2,36,942,979,False,0.047992527828012645,-0.0021823195904730405,0.22239241670621068,0.07871983210115056
diagnostic_baseline\run_2,37,980,1024,True,0.05920816759268443,0.011215639764671784,0.26120098763042027,0.17901434906654887
diagnostic_baseline\run_2,38,1025,1059,False,0.05586661089743886,-0.003341556695245565,0.2502301360879626,0.11795298872249467
diagnostic_baseline\run_2,39,1060,1105,False,0.05332556213049785,-0.0025410487669410148,0.24643882558397626,0.12234953612737033
diagnostic_baseline\run_2,40,1106,1147,False,0.05341729512881665,9.173299831879977e-05,0.24574984964870272,0.10232598924388488
diagnostic_baseline\run_2,41,1148,1192,False,0.054649528447124694,0.0012322333183080458,0.2504023227426741,0.11675768088963297
diagnostic_baseline\run_2,42,1193,1235,False,0.055696656797514406,0.0010471283503897116,0.2514762673960176,0.10755101833925691
diagnostic_baseline\run_2,43,1236,1274,False,0.05510511469000425,-0.000591542107510154,0.2545717079670001,0.1084031224823915
diagnostic_baseline\run_2,44,1275,1315,False,0.05539969990893108,0.00029458521892682804,0.2513139651315968,0.13729169228818358
diagnostic_baseline\run_2,45,1316,1362,False,0.05515392711187931,-0.0002457727970517701,0.25626183285358106,0.1173875841133772
diagnostic_baseline\run_2,46,1363,1400,False,0.0563151936389898,0.0011612665271104883,0.25260451083120544,0.13993569081159016
diagnostic_baseline\run_2,47,1401,1441,False,0.05503529010386002,-0.0012799035351297797,0.25144585712653833,0.08172936801139902
diagnostic_baseline\run_2,48,1442,1482,False,0.056951032270018645,0.0019157421661586266,0.25781025355908926,0.11888868357168465
diagnostic_baseline\run_2,49,1483,1523,False,0.0561842284188038,-0.0007668038512148451,0.25503181684307935,0.12362545401584811
diagnostic_baseline\run_2,50,1524,1557,False,0.05790632064728176,0.0017220922284779602,0.264154872035279,0.10540858721908401
diagnostic_baseline\run_2,51,1558,1601,False,0.055790753696452484,-0.0021155669508292757,0.2559639953754165,0.1094261421398683
diagnostic_baseline\run_2,52,1602,1644,False,0.05669326465143714,0.0009025109549846561,0.25726260140884755,0.13421436555163804
diagnostic_baseline\run_2,53,1645,1689,False,0.0531715205974049,-0.0035217440540322373,0.24773720469739702,0.13073076899680827
diagnostic_baseline\run_2,54,1690,1728,False,0.057714587793900415,0.004543067196495512,0.25849826404681575,0.11942566358126126
diagnostic_baseline\run_2,55,1729,1762,False,0.056203178732710725,-0.0015114090611896905,0.25714674460537296,0.10667829500401721
diagnostic_baseline\run_2,56,1763,1801,False,0.056866952433035925,0.0006637737003252001,0.26279522937077743,0.09353665090524234
diagnostic_baseline\run_2,57,1802,1836,False,0.05883976008210864,0.0019728076490727123,0.2692235674176897,0.11081101660217557
diagnostic_baseline\run_2,58,1837,1870,False,0.05730594574090313,-0.0015338143412055097,0.26202815727275963,0.130760215661105
diagnostic_baseline\run_2,59,1871,1905,False,0.05689395751271929,-0.00041198822818383496,0.25506791642733984,0.129638905610357
diagnostic_baseline\run_2,60,1906,1949,False,0.05747617400166663,0.0005822164889473375,0.2581825578077273,0.12193757854402065
diagnostic_baseline\run_2,61,1950,1991,False,0.05794261892636617,0.0004664449246995425,0.2642133633295695,0.10133573727770931
diagnostic_baseline\run_2,62,1992,2033,True,0.0688011564669155,0.010858537540549322,0.2896581639846166,0.27759033255279064
diagnostic_baseline\run_2,63,2034,2068,False,0.06008456317441804,-0.008716593292497452,0.2816331535577774,0.1511733241379261
diagnostic_baseline\run_2,64,2069,2107,False,0.05926801359806305,-0.0008165495763549913,0.27484512558350194,0.1424871528855501
diagnostic_baseline\run_2,65,2108,2144,False,0.05977717847437472,0.0005091648763116685,0.2754996386734215,0.1248511268279037
diagnostic_baseline\run_2,66,2145,2187,False,0.05919831211483756,-0.0005788663595371613,0.2719537581122199,0.15421535040056983
diagnostic_baseline\run_2,67,2188,2223,False,0.06129051682849725,0.002092204713659694,0.2748068869113922,0.14098041452881363
diagnostic_baseline\run_2,68,2224,2263,False,0.05972749833017588,-0.0015630184983213766,0.27279866449534895,0.14073827108368278
diagnostic_baseline\run_2,69,2264,2302,False,0.058021472146113716,-0.0017060261840621607,0.26432966307187694,0.13098127012833571
diagnostic_baseline\run_2,70,2303,2338,False,0.06015831604599953,0.002136843899885811,0.27451156949003536,0.135863886318273
diagnostic_baseline\run_2,71,2339,2378,False,0.0606757951900363,0.0005174791440367699,0.276865753158927,0.1547989214770496
diagnostic_baseline\run_2,72,2379,2420,False,0.05967385463771366,-0.0010019405523226388,0.27126219407433555,0.13874038703562247
diagnostic_baseline\run_2,73,2421,2468,False,0.06020334595814347,0.0005294913204298146,0.2741329735144973,0.1451979126626005
diagnostic_baseline\run_2,74,2469,2505,False,0.05964710341917502,-0.0005562425389684517,0.27361224591732025,0.14161678876828504
diagnostic_baseline\run_2,75,2506,2543,False,0.06009221184802683,0.00044510842885180785,0.27245696830122096,0.13743438375623604
diagnostic_baseline\run_2,76,2544,2587,False,0.06333715748041868,0.0032449456323918532,0.28496144170110876,0.16293344705958257
diagnostic_baseline\run_2,77,2588,2640,False,0.06178062507566416,-0.001556532404754521,0.28135920836115785,0.11959014035199049
diagnostic_baseline\run_2,78,2641,2681,False,0.05875251115095324,-0.003028113924710918,0.26514771835106177,0.14536499322914495
diagnostic_baseline\run_2,79,2682,2714,False,0.060183658857237206,0.0014311477062839625,0.2766645826173551,0.16762521050193094
diagnostic_baseline\run_2,80,2715,2755,False,0.06183427099774524,0.0016506121405080315,0.27917035978014876,0.1415562930448753
diagnostic_baseline\run_2,81,2756,2792,False,0.062003944975298805,0.000169673977553568,0.27719174607380015,0.141748586719906
diagnostic_baseline\run_2,82,2793,2833,False,0.06259758343420378,0.000593638458904977,0.28215119606111105,0.12988063057021396
diagnostic_baseline\run_2,83,2834,2876,False,0.06191024470121362,-0.0006873387329901642,0.2821080026238464,0.1467884322411792
diagnostic_baseline\run_2,84,2877,2913,False,0.0627055735000082,0.000795328798794584,0.2844163022331289,0.15443472775655823
diagnostic_baseline\run_2,85,2914,2957,False,0.06197749560868198,-0.0007280778913262217,0.279414638876915,0.1633091541853818
diagnostic_baseline\run_2,86,2958,2991,False,0.060786636874956244,-0.001190858733725736,0.2786187735550544,0.14351523273131428
diagnostic_baseline\run_2,87,2992,3033,True,0.07487838254088447,0.014091745665928225,0.29607045295692624,0.3468172790571338
diagnostic_baseline\run_2,88,3034,3071,False,0.0654622096764414,-0.009416172864443073,0.29018941129508774,0.18951676825159475
diagnostic_baseline\run_2,89,3072,3106,False,0.06430112102202007,-0.0011610886544213272,0.28887944519519804,0.16227728671261243
diagnostic_baseline\run_2,90,3107,3144,False,0.06367399465096624,-0.0006271263710538322,0.2853423404066186,0.1944221030724676
diagnostic_baseline\run_2,91,3145,3181,False,0.06423148955847766,0.0005574949075114188,0.28701874412394857,0.20301399289353475
diagnostic_baseline\run_2,92,3182,3218,False,0.06623100257805876,0.001999513019581109,0.2903180577465006,0.1949425947827262
diagnostic_baseline\run_2,93,3219,3253,False,0.06247474923729897,-0.0037562533407597964,0.27696688345500403,0.16976392114801067
diagnostic_baseline\run_2,94,3254,3289,False,0.06592256089465486,0.003447811657355887,0.2947528577513165,0.1555716931923396
diagnostic_baseline\run_2,95,3290,3330,False,0.06569027046604854,-0.00023229042860631322,0.2927920073270798,0.19644064329019406
diagnostic_baseline\run_2,96,3331,3372,False,0.06718496188876175,0.001494691422713204,0.29449800295489176,0.20551318817195438
diagnostic_baseline\run_2,97,3373,3406,False,0.06345082545543418,-0.0037341364333275673,0.2839273236253682,0.18118329433833852
diagnostic_baseline\run_2,98,3407,3445,False,0.06476278230547905,0.0013119568500448708,0.2875756567869431,0.16154613498693857
diagnostic_baseline\run_2,99,3446,3494,False,0.0624094158411026,-0.0023533664643764496,0.28076600146536923,0.1896724427232937
diagnostic_baseline\run_2,100,3495,3530,False,0.06543643420769109,0.003027018366588488,0.2894294663435883,0.2257428439334035
diagnostic_baseline\run_2,101,3531,3563,False,0.062455213769818795,-0.0029812204378722937,0.28054392699039343,0.15823986979596544
diagnostic_baseline\run_2,102,3564,3596,False,0.06620974533937195,0.003754531569553153,0.29133096879178827,0.1896815433195143
diagnostic_baseline\run_2,103,3597,3633,False,0.06520956945983139,-0.0010001758795405574,0.2888480706794842,0.1763080231644012
diagnostic_baseline\run_2,104,3634,3671,False,0.06325614383738291,-0.0019534256224484764,0.28211348895963867,0.15836770989392934
diagnostic_baseline\run_2,105,3672,3705,False,0.06533168223412598,0.0020755383967430707,0.2871430292725563,0.1982893909820739
diagnostic_baseline\run_2,106,3706,3737,False,0.06531070184428245,-2.098038984353623e-05,0.29180421587079763,0.14661871478892863
diagnostic_baseline\run_2,107,3738,3769,False,0.06620579911395907,0.0008950972696766257,0.2944178874604404,0.19438448105938733
diagnostic_baseline\run_2,108,3770,3806,False,0.06471946261621811,-0.0014863364977409643,0.2920116455973806,0.18265765985927065
diagnostic_baseline\run_2,109,3807,3840,False,0.06384676837307565,-0.0008726942431424578,0.2847614498699413,0.21355863649617224
diagnostic_baseline\run_2,110,3841,3877,False,0.06442491287315213,0.0005781445000764829,0.2828993692591384,0.18082882222291585
diagnostic_baseline\run_2,111,3878,3911,False,0.0639536373098107,-0.00047127556334143617,0.286232120850507,0.15857205780989983
diagnostic_baseline\run_2,112,3912,3945,False,0.06380373151863322,-0.0001499057911774765,0.2877370750202852,0.180651736610076
diagnostic_baseline\run_2,113,3946,3979,False,0.06591942128451432,0.0021156897658810986,0.2910262880956425,0.17371142754221663
diagnostic_baseline\run_2,114,3980,4011,True,0.07139357877895236,0.0054741574944380395,0.29934775177389383,0.27675564400851727
diagnostic_baseline\run_2,115,4012,4047,False,0.06966243404895067,-0.001731144730001688,0.31856850700245964,0.28417061797032755
diagnostic_baseline\run_2,116,4048,4085,False,0.06843306722217485,-0.001229366826775824,0.3021294945164731,0.20253162791854457
diagnostic_baseline\run_2,117,4086,4165,False,0.06678731846623123,-0.0016457487559436157,0.29265617914497855,0.1978565642144531
diagnostic_baseline\run_2,118,4166,4198,False,0.07044654486305786,0.0036592263968266286,0.30355873026631097,0.25005281310189853
diagnostic_baseline\run_2,119,4199,4243,False,0.07040681772761875,-3.9727135439107664e-05,0.3053870922989316,0.24818451495634186
diagnostic_baseline\run_2,120,4244,4279,False,0.06942165901677476,-0.0009851587108439946,0.2995651827918159,0.20616427157074213
diagnostic_baseline\run_2,121,4280,4318,False,0.07017135581909081,0.000749696802316055,0.30597141232246006,0.21828629477665976
diagnostic_baseline\run_2,122,4319,4352,False,0.0655028490240083,-0.0046685067950825165,0.28888213722144856,0.1641027107834816
diagnostic_baseline\run_2,123,4353,4387,False,0.07270666222487177,0.007203813200863468,0.31086043800626484,0.2018844274537904
diagnostic_baseline\run_2,124,4388,4427,False,0.0702230378985405,-0.0024836243263312713,0.3008238058537245,0.21014424180611968
diagnostic_baseline\run_2,125,4428,4468,False,0.06695728113011616,-0.0032657567684243327,0.29492912568697116,0.2637098209887016
diagnostic_baseline\run_2,126,4469,4506,False,0.06566681193285867,-0.0012904691972574905,0.2868585457143031,0.2359711630760055
diagnostic_baseline\run_2,127,4507,4545,False,0.06948886257715714,0.003822050644298469,0.30683794350196153,0.2527390943887906
diagnostic_baseline\run_2,128,4546,4580,False,0.06849861687847546,-0.0009902456986816827,0.2995947578123638,0.20027520720447814
diagnostic_baseline\run_2,129,4581,4640,False,0.06962852372477452,0.0011299068462990586,0.30200271084904673,0.25558059718459847
diagnostic_baseline\run_2,130,4641,4674,False,0.06834912541158059,-0.0012793983131939302,0.29949456015053916,0.20629952157683232
diagnostic_baseline\run_2,131,4675,4709,False,0.06908182831747191,0.000732702905891322,0.29938283520085474,0.2372541525534221
diagnostic_baseline\run_2,132,4710,4746,False,0.0665320075444273,-0.0025498207730446087,0.29195088510577744,0.1991530913557555
diagnostic_baseline\run_2,133,4747,4782,False,0.0698203504499462,0.0032883429055188956,0.3007565355963177,0.2282875082972977
diagnostic_baseline\run_2,134,4783,4816,False,0.06836245964993448,-0.001457890800011713,0.30259021503083844,0.23591943654943914
diagnostic_baseline\run_2,135,4817,4851,False,0.06980898422854287,0.001446524578608388,0.30728535737310136,0.25475938032780376
diagnostic_baseline\run_2,136,4852,4887,False,0.06790645762036245,-0.0019025266081804243,0.2934691711432404,0.19487645808193418
diagnostic_baseline\run_2,137,4888,4924,False,0.0707166948028513,0.0028102371824888506,0.30836281260928594,0.24082668206176241
diagnostic_baseline\run_2,138,4925,5007,True,0.07127031078001103,0.0005536159771597354,0.3006088333316596,0.2740621529519558
diagnostic_baseline\run_2,139,5008,5043,False,0.07461080027537213,0.0033404894953611014,0.3060142878029082,0.47371448907587266
diagnostic_baseline\run_2,140,5044,5115,False,0.07042510088326202,-0.004185699392110109,0.2997709761063258,0.28742764522838926
diagnostic_baseline\run_2,141,5116,5149,False,0.07094451434472028,0.0005194134614582568,0.30576873351545897,0.2711315208717304
diagnostic_baseline\run_2,142,5150,5186,False,0.0735529274553866,0.0026084131106663133,0.3067122665611473,0.2939316293073667
diagnostic_baseline\run_2,143,5187,5220,False,0.06625479887075283,-0.007298128584633759,0.2868450862519881,0.254902936737327
diagnostic_baseline\run_2,144,5221,5264,False,0.07088162335143848,0.004626824480685646,0.3018516965887763,0.2530529603192752
diagnostic_baseline\run_2,145,5265,5297,False,0.07010710160389091,-0.0007745217475475658,0.30144183202223346,0.3013604934694189
diagnostic_baseline\run_2,146,5298,5335,False,0.07251124691806342,0.002404145314172504,0.3099275976419449,0.2610768543458299
diagnostic_baseline\run_2,147,5336,5371,False,0.0702395492957698,-0.0022716976222936225,0.3041122700605128,0.2493925787922409
diagnostic_baseline\run_2,148,5372,5404,False,0.07371471562620366,0.0034751663304338626,0.31353885115999164,0.23988836032874655
diagnostic_baseline\run_2,149,5405,5434,False,0.07045255973935127,-0.003262155886852386,0.3031698515017827,0.23123403154313565
diagnostic_baseline\run_2,150,5435,5468,False,0.07115634486955755,0.0007037851302062748,0.3019288129666272,0.27551176125074134
diagnostic_baseline\run_2,151,5469,5501,False,0.07039146971973506,-0.0007648751498224859,0.30451430109414185,0.22506305349595618
diagnostic_baseline\run_2,152,5502,5554,False,0.0722314457426656,0.0018399760229305395,0.30394901560162596,0.243536983458501
diagnostic_baseline\run_2,153,5555,5585,False,0.07706115707274407,0.004829711330078465,0.31798763140555353,0.2397132137369725
diagnostic_baseline\run_2,154,5586,5615,False,0.07416339355210463,-0.002897763520639432,0.31386760075887044,0.26511183083057405
diagnostic_baseline\run_2,155,5616,5653,False,0.07182220840140392,-0.0023411851507007114,0.30765821902375473,0.25836694152339507
diagnostic_baseline\run_2,156,5654,5743,False,0.07116108453936047,-0.0006611238620434501,0.3062989624010192,0.2611551985144615
diagnostic_baseline\run_2,157,5744,5773,False,0.06945753991603851,-0.0017035446233219648,0.2969131906827291,0.23638971261680125
diagnostic_baseline\run_2,158,5774,5805,False,0.07280308206100017,0.0033455421449616607,0.3085822253488004,0.24064484715927392
diagnostic_baseline\run_2,159,5806,5833,False,0.06956728946949754,-0.003235792591502626,0.3035879007407597,0.17688460954065835
diagnostic_baseline\run_2,160,5834,5870,False,0.07177138378894007,0.0022040943194425316,0.3071274362705849,0.26752383136064617
diagnostic_baseline\run_2,161,5871,5905,False,0.07641575623835836,0.004644372449418288,0.31800179396356854,0.25448255432503564
diagnostic_baseline\run_2,162,5906,5937,False,0.07027087500318885,-0.006144881235169514,0.30676026549190283,0.2625156727153808
diagnostic_baseline\run_2,163,5938,5970,False,0.07017091435916496,-9.996064402388594e-05,0.30238967862996186,0.24898986382917923
diagnostic_baseline\run_2,164,5971,6003,True,0.07685493384346817,0.006684019484303208,0.31134290993213654,0.3637746053211617
diagnostic_baseline\run_2,165,6004,6038,False,0.0826210903269904,0.005766156483522231,0.33443430151258197,0.4899074143597058
diagnostic_baseline\run_2,166,6039,6073,False,0.0750942414360387,-0.007526848890951704,0.313684555036681,0.2929004514855998
diagnostic_baseline\run_2,167,6074,6108,False,0.07474661682333265,-0.0003476246127060434,0.312662730046681,0.2850864067673683
diagnostic_baseline\run_2,168,6109,6139,False,0.07453319190009948,-0.0002134249232331742,0.31177784742847564,0.3301441104662034
diagnostic_baseline\run_2,169,6140,6172,False,0.07626745748248967,0.0017342655823901904,0.31386628476056183,0.3194534701831413
diagnostic_baseline\run_2,170,6173,6206,False,0.07931455180925481,0.003047094326765143,0.3204880242838579,0.4125455297967967
diagnostic_baseline\run_2,171,6207,6244,False,0.07698911153956463,-0.002325440269690185,0.32305611513162913,0.33191765374258947
diagnostic_baseline\run_2,172,6245,6277,False,0.07400459536548817,-0.002984516174076454,0.31414698741652747,0.3442079777067358
diagnostic_baseline\run_2,173,6278,6308,False,0.07265618467523206,-0.0013484106902561105,0.3073080874258472,0.3387708930719283
diagnostic_baseline\run_2,174,6309,6345,False,0.07552644922523885,0.0028702645500067875,0.3195283896214253,0.2500860292363811
diagnostic_baseline\run_2,175,6346,6377,False,0.07594790507573634,0.000421455850497493,0.3133164020255208,0.27569214277900755
diagnostic_baseline\run_2,176,6378,6407,False,0.07476642305652301,-0.0011814820192133368,0.31540877868731815,0.32263304268320403
diagnostic_baseline\run_2,177,6408,6440,False,0.07476070094289201,-5.722113630993175e-06,0.3129394140207406,0.30468175560235977
diagnostic_baseline\run_2,178,6441,6470,False,0.0753533486276865,0.0005926476847944867,0.3220289727052053,0.30334375401337943
diagnostic_baseline\run_2,179,6471,6502,False,0.07262469176203012,-0.002728656865656376,0.3046255116350949,0.2934074386721477
diagnostic_baseline\run_2,180,6503,6539,False,0.0767198467778193,0.004095155015789179,0.3166285310242627,0.28939322664125544
diagnostic_baseline\run_2,181,6540,6575,False,0.07798346307956511,0.001263616301745804,0.3228907725877232,0.2934761329864462
diagnostic_baseline\run_2,182,6576,6608,False,0.07707864633112242,-0.0009048167484426856,0.31283771178939124,0.3118041975028587
diagnostic_baseline\run_2,183,6609,6642,False,0.07597385796115678,-0.001104788369965637,0.3178473623359905,0.3153325735646136
diagnostic_baseline\run_2,184,6643,6676,False,0.06882661307121024,-0.007147244889946544,0.3045164653483559,0.271860338637934
diagnostic_baseline\run_2,185,6677,6711,False,0.07643345498612948,0.007606841914919241,0.3164440998009273,0.2963851779699326
diagnostic_baseline\run_2,186,6712,6745,False,0.07751195658655728,0.0010785016004278003,0.32528142411919203,0.28978756617973833
diagnostic_baseline\run_2,187,6746,6779,False,0.07685064809287295,-0.0006613084936843289,0.32305510342121124,0.2283853243159897
diagnostic_baseline\run_2,188,6780,6813,False,0.07557681071407654,-0.0012738373787964108,0.31741609731141257,0.20843775921008167
diagnostic_baseline\run_2,189,6814,6850,False,0.07740402594208717,0.0018272152280106313,0.31825407775672704,0.2783541765970153
diagnostic_baseline\run_2,190,6851,6881,False,0.07555357486970964,-0.0018504510723775375,0.3176362043426883,0.2660667028638624
diagnostic_baseline\run_2,191,6882,6909,False,0.07333049404301814,-0.0022230808266914953,0.31169078924826216,0.3677225642438446
diagnostic_baseline\run_2,192,6910,6939,False,0.07880816372732322,0.005477669684305075,0.3271820495525996,0.3779716243346532
diagnostic_baseline\run_2,193,6940,6969,False,0.078608209391435,-0.0001999543358882222,0.3298645853996277,0.2919325094670057
diagnostic_baseline\run_2,194,6970,7003,True,0.08215545205508962,0.0035472426636546234,0.3295407172511606,0.3527584279723027
diagnostic_baseline\run_2,195,7004,7034,False,0.08844073789734994,0.006285285842260319,0.3323611895884237,0.7186466344902592
diagnostic_baseline\run_2,196,7035,7066,False,0.08059610228519887,-0.007844635612151069,0.32640339247882366,0.4311271383194253
diagnostic_baseline\run_2,197,7067,7099,False,0.08127381810636232,0.0006777158211634521,0.3318457540237542,0.3885978333877795
diagnostic_baseline\run_2,198,7100,7128,False,0.07844174203687701,-0.002832076069485309,0.3190203319335806,0.3400898704241062
diagnostic_baseline\run_2,199,7129,7160,False,0.0796414288925007,0.0011996868556236884,0.3231110814958811,0.3211534218862653
diagnostic_baseline\run_2,200,7161,7187,False,0.07874234489820621,-0.0008990839942944889,0.32681562282420973,0.23724531230551224
diagnostic_baseline\run_2,201,7188,7220,False,0.08048452753009218,0.001742182631885969,0.3282303972677751,0.28202089396390045
diagnostic_baseline\run_2,202,7221,7254,False,0.07693758398732718,-0.0035469435427649965,0.32263632118701935,0.31134982242742004
diagnostic_baseline\run_2,203,7255,7284,False,0.07518764349321524,-0.0017499404941119373,0.3132566918929418,0.35102817565202715
diagnostic_baseline\run_2,204,7285,7316,False,0.07243305211886764,-0.002754591374347609,0.32110088504850864,0.32892085681669414
diagnostic_baseline\run_2,205,7317,7349,False,0.07945447956973856,0.007021427450870921,0.3260600341088844,0.28785293120326416
diagnostic_baseline\run_2,206,7350,7379,False,0.08211700754861037,0.002662527978871815,0.34018690486749015,0.25899038910865785
diagnostic_baseline\run_2,207,7380,7417,False,0.07962090424016903,-0.0024961033084413414,0.3284415006637573,0.40590797815667956
diagnostic_baseline\run_2,208,7418,7451,False,0.08014662443276714,0.0005257201925981114,0.32251456116928773,0.34219687519704595
diagnostic_baseline\run_2,209,7452,7481,False,0.07750250933070978,-0.002644115102057365,0.3228489870826403,0.33534216197828454
diagnostic_baseline\run_2,210,7482,7514,False,0.08269452585866957,0.005192016527959795,0.33804884462645557,0.3103555983891993
diagnostic_baseline\run_2,211,7515,7549,False,0.07970686618770872,-0.002987659670960846,0.32738696336746215,0.3691750249692372
diagnostic_baseline\run_2,212,7550,7577,False,0.07889444673699993,-0.0008124194507087984,0.3254345293555941,0.2950866102640118
diagnostic_baseline\run_2,213,7578,7607,False,0.0851651269942522,0.006270680257252276,0.3355461210012436,0.4066925335675478
diagnostic_baseline\run_2,214,7608,7645,False,0.08378336794282261,-0.001381759051429593,0.3346073886281566,0.3389435333052748
diagnostic_baseline\run_2,215,7646,7676,False,0.08287448436021805,-0.000908883582604561,0.333559291016671,0.4149541660181938
diagnostic_baseline\run_2,216,7677,7710,False,0.08189378941760343,-0.0009806949426146155,0.32742657205637765,0.3211596996030387
diagnostic_baseline\run_2,217,7711,7744,False,0.07549226744210019,-0.006401521975503241,0.31974032433593974,0.3131980793002774
diagnostic_baseline\run_2,218,7745,7777,False,0.08316008780490268,0.007667820362802488,0.33282063043478766,0.2532909353348342
diagnostic_baseline\run_2,219,7778,7812,False,0.07660558436598097,-0.006554503438921708,0.32860912936074393,0.44264646992087364
diagnostic_baseline\run_2,220,7813,7848,False,0.07814682833850384,0.0015412439725228655,0.3233974998195966,0.2591170340569483
diagnostic_baseline\run_2,221,7849,7944,False,0.08027515451734264,0.0021283261788388047,0.32565163479497033,0.35000414921281237
diagnostic_baseline\run_2,222,7945,7979,False,0.08299119366066797,0.0027160391433253273,0.33183360951287405,0.29653790923101564
diagnostic_baseline\run_2,223,7980,8015,True,0.08942686662905747,0.006435672968389497,0.3428688256276978,0.6959300542043315
diagnostic_baseline\run_2,224,8016,8046,False,0.08779260119603526,-0.0016342654330222112,0.3395747571222244,0.5047143113709265
diagnostic_baseline\run_2,225,8047,8083,False,0.07660288111986341,-0.011189720076171847,0.3210159177715714,0.28568515040584513
diagnostic_baseline\run_2,226,8084,8119,False,0.08427056256267759,0.007667681442814184,0.34190543161498177,0.4404340812729465
diagnostic_baseline\run_2,227,8120,8219,False,0.08468300759792328,0.00041244503524569265,0.33108903855085375,0.3751332242041826
diagnostic_baseline\run_2,228,8220,8250,False,0.07939777439159731,-0.0052852332063259705,0.32359599201909955,0.24692147970199585
diagnostic_baseline\run_2,229,8251,8282,False,0.07928911002818495,-0.00010866436341236407,0.3224921217188239,0.4070408553816378
diagnostic_baseline\run_2,230,8283,8314,False,0.08314432564657182,0.0038552156183868647,0.33060124423354864,0.3932290826924145
diagnostic_baseline\run_2,231,8315,8348,False,0.08294110646580949,-0.00020321918076232626,0.33056020736694336,0.3748462167294586
diagnostic_baseline\run_2,232,8349,8386,False,0.07773338209249471,-0.005207724373314779,0.32105152465795217,0.363394630778777
diagnostic_baseline\run_2,233,8387,8421,False,0.07671072270189012,-0.0010226593906045855,0.32429576090403966,0.31495529764464925
diagnostic_baseline\run_2,234,8422,8453,False,0.08473585301544517,0.008025130313555048,0.33442260697484016,0.49752174166496843
diagnostic_baseline\run_2,235,8454,8483,False,0.08175777221719424,-0.0029780807982509316,0.328798308968544,0.3764019062121709
diagnostic_baseline\run_2,236,8484,8519,False,0.08144116908725765,-0.0003166031299365879,0.3289211599363221,0.39201926274432075
diagnostic_baseline\run_2,237,8520,8552,False,0.08497163540486133,0.0035304663176036755,0.33436985765442706,0.32729895774162177
diagnostic_baseline\run_2,238,8553,8585,False,0.0796839211023215,-0.0052877143025398254,0.3299846224712603,0.446961258622733
diagnostic_baseline\run_2,239,8586,8619,False,0.07992156441597377,0.00023764331365226654,0.31855899533804727,0.3800421525888583
diagnostic_baseline\run_2,240,8620,8653,False,0.08743061957990422,0.007509055163930453,0.33318525289787965,0.3319377664695768
diagnostic_baseline\run_2,241,8654,8687,False,0.07670179831192774,-0.010728821267976488,0.32189974451766296,0.3792419646154432
diagnostic_baseline\run_2,242,8688,8722,False,0.0826093139392989,0.005907515627371171,0.3366864970752171,0.39266690239310265
diagnostic_baseline\run_2,243,8723,8755,False,0.07943668430953314,-0.0031726296297657636,0.32575544308532367,0.3712615795207746
diagnostic_baseline\run_2,244,8756,8793,False,0.08515590390092448,0.005719219591391336,0.34126831434274973,0.3334811433757606
diagnostic_baseline\run_2,245,8794,8824,False,0.08704806888295759,0.0018921649820331093,0.3396391272544861,0.3280161199790816
diagnostic_baseline\run_2,246,8825,8861,False,0.08421376196516527,-0.002834306917792323,0.33599393834938873,0.32153818846957105
diagnostic_baseline\run_2,247,8862,8891,False,0.08125430246194204,-0.0029594595032232246,0.3228544940551122,0.3100663887957732
diagnostic_baseline\run_2,248,8892,8920,False,0.08151223471966283,0.00025793225772079154,0.33494819443801355,0.4003696523863694
diagnostic_baseline\run_2,249,8921,8951,False,0.07932391101794858,-0.002188323701714248,0.33129742453175204,0.3884891836393264
diagnostic_baseline\run_2,250,8952,8984,False,0.08070199146415248,0.001378080446203897,0.3306150169986667,0.3337856156356407
diagnostic_baseline\run_2,251,8985,9021,True,0.08923807649596317,0.008536085031810692,0.33352897940455256,0.8306720234655045
diagnostic_baseline\run_2,252,9022,9053,False,0.08873781771399081,-0.0005002587819723653,0.34238197933882475,0.4881584320683032
diagnostic_baseline\run_2,253,9054,9090,False,0.0848636829571144,-0.00387413475687641,0.3394046224452354,0.3815668809252816
diagnostic_baseline\run_2,254,9091,9119,False,0.0878090706878695,0.002945387730755103,0.3360654557573384,0.4188013405635439
diagnostic_baseline\run_2,255,9120,9150,False,0.08114764743274258,-0.006661423255126919,0.3304195221393339,0.4240421116832764
diagnostic_baseline\run_2,256,9151,9183,False,0.08223454304265254,0.0010868956099099603,0.32484176664641407,0.38923578957716626
diagnostic_baseline\run_2,257,9184,9217,False,0.08301484562894877,0.0007803025862962304,0.3348452431314132,0.4213649268974276
diagnostic_baseline\run_2,258,9218,9247,False,0.08184570744633675,-0.0011691381826120228,0.3324129601319631,0.33738622268040974
diagnostic_baseline\run_2,259,9248,9281,False,0.0881007103358998,0.006255002889563058,0.33718962529126334,0.4189313084763639
diagnostic_baseline\run_2,260,9282,9314,False,0.09997662224552849,0.01187591190962868,0.3587035130370747,0.4581370444008798
diagnostic_baseline\run_2,261,9315,9346,False,0.08690775721333921,-0.013068865032189278,0.33141030417755246,0.44854487711563706
diagnostic_baseline\run_2,262,9347,9381,False,0.08210961371660233,-0.0047981434967368786,0.3348786609513419,0.41898690440825054
diagnostic_baseline\run_2,263,9382,9412,False,0.07719501432391905,-0.00491459939268328,0.32632885344566837,0.3616794662610177
diagnostic_baseline\run_2,264,9413,9448,False,0.09700907063153055,0.019814056307611502,0.3477977017561595,0.440831137717598
diagnostic_baseline\run_2,265,9449,9484,False,0.08029662041614453,-0.01671245021538602,0.3288353557387988,0.34233904495421386
diagnostic_baseline\run_2,266,9485,9520,False,0.08533788565546274,0.005041265239318207,0.34236203134059906,0.4634446127133237
diagnostic_baseline\run_2,267,9521,9551,False,0.0876871382276858,0.0023492525722230567,0.33223472102995844,0.45109413275795596
diagnostic_baseline\run_2,268,9552,9585,False,0.07595955700997044,-0.01172758121771536,0.32174356194103465,0.35510358050027313
diagnostic_baseline\run_2,269,9586,9618,False,0.09184370562434196,0.015884148614371527,0.3521711726983388,0.449074334267414
diagnostic_baseline\run_2,270,9619,9654,False,0.08399825708733664,-0.00784544853700532,0.33095479839377934,0.3889085424857007
diagnostic_baseline\run_2,271,9655,9688,False,0.0854969943928368,0.001498737305500153,0.3342473822481492,0.35191114772768584
diagnostic_baseline\run_2,272,9689,9723,False,0.08730114176869393,0.0018041473758571291,0.3478988673005785,0.33297412693500517
diagnostic_baseline\run_2,273,9724,9755,False,0.0921904172282666,0.00488927545957267,0.35010360460728407,0.4225686003919691
diagnostic_baseline\run_2,274,9756,9788,False,0.08293312731565851,-0.009257289912608088,0.3354281954693072,0.3762496815937938
diagnostic_baseline\run_2,275,9789,9818,False,0.08443749360740185,0.0015043662917433448,0.33492463926474253,0.372368490571777
diagnostic_baseline\run_2,276,9819,9845,False,0.09112459503942066,0.0066871014320188105,0.34143222592495104,0.4146850761716013
diagnostic_baseline\run_2,277,9846,9878,False,0.08472087426167546,-0.006403720777745203,0.33855436877770856,0.379151825651978
diagnostic_baseline\run_2,278,9879,9914,False,0.08132133591506216,-0.003399538346613301,0.3327794157796436,0.34831839986145496
diagnostic_baseline\run_2,279,9915,9945,False,0.08552639979508615,0.004205063880023993,0.33112041604134346,0.4785495256223986
diagnostic_baseline\run_2,280,9946,9977,False,0.09034701227210462,0.004820612477018468,0.3502991199493408,0.41206756699830294
diagnostic_baseline\run_2,281,9978,10007,True,0.0919105850160122,0.0015635727439075736,0.3419487049182256,0.5652279928326607
diagnostic_baseline\run_2,282,10008,10041,False,0.0921876177410869,0.0002770327250747051,0.35589204465641694,0.8059652752297766
diagnostic_baseline\run_2,283,10042,10072,False,0.08051458770228971,-0.011673030038797189,0.3288209640210675,0.3911131666071953
diagnostic_baseline\run_2,284,10073,10106,False,0.08718905948540744,0.006674471783117725,0.34044414145105023,0.3341952934861183
diagnostic_baseline\run_2,285,10107,10136,False,0.0922762746612231,0.00508721517581566,0.3534680664539337,0.4097818290193876
diagnostic_baseline\run_2,286,10137,10166,False,0.09109217536946138,-0.00118409929176172,0.35369831224282583,0.31159129589796064
diagnostic_baseline\run_2,287,10167,10199,False,0.08462233401157639,-0.0064698413578849895,0.3440428611003991,0.5093172449957241
diagnostic_baseline\run_2,288,10200,10257,False,0.0960535214378916,0.011431187426315215,0.3525799584799799,0.4153509701377359
diagnostic_baseline\run_2,289,10258,10289,False,0.09541925811208785,-0.000634263325803755,0.3589547062292695,0.5186691496055573
diagnostic_baseline\run_2,290,10290,10327,False,0.09670498996580902,0.0012857318537211754,0.36088244695412486,0.4787152680127244
diagnostic_baseline\run_2,291,10328,10357,False,0.08211639622847239,-0.014588593737336633,0.3260059912999471,0.318277678390344
diagnostic_baseline\run_2,292,10358,10391,False,0.08341564106590607,0.001299244837433683,0.3337496773285024,0.4491828752352911
diagnostic_baseline\run_2,293,10392,10424,False,0.08412627920959935,0.000710638143693279,0.33431480689482257,0.4218465130437504
diagnostic_baseline\run_2,294,10425,10455,False,0.08911287652388696,0.004986597314287605,0.3434441541471789,0.4584014336428335
diagnostic_baseline\run_2,295,10456,10484,False,0.08387771133204987,-0.005235165191837088,0.32705932444539565,0.3532390137170923
diagnostic_baseline\run_2,296,10485,10517,False,0.09211000382448688,0.00823229249243701,0.34368901812669,0.3938702672268405
diagnostic_baseline\run_2,297,10518,10551,False,0.08895463003393482,-0.0031553737905520574,0.3343295849421445,0.42015452091308203
diagnostic_baseline\run_2,298,10552,10651,False,0.09049644939601421,0.001541819362079394,0.34782376676797866,0.4050372423231602
diagnostic_baseline\run_2,299,10652,10688,False,0.08477902835285342,-0.005717421043160795,0.3370628050855688,0.4650148394945505
diagnostic_baseline\run_2,300,10689,10719,False,0.08422323941223082,-0.0005557889406225952,0.33560233058467986,0.3411316619284691
diagnostic_baseline\run_2,301,10720,10749,False,0.09266132240494092,0.008438082992710094,0.3434306840101878,0.389202885205547
diagnostic_baseline\run_2,302,10750,10781,False,0.08530125510878861,-0.007360067296152309,0.338299211114645,0.39204882364720106
diagnostic_baseline\run_2,303,10782,10814,False,0.08812687602458578,0.002825620915797175,0.3353727369597464,0.464979710000934
diagnostic_baseline\run_2,304,10815,10846,False,0.07761799904983491,-0.010508876974750878,0.3352689305320382,0.5264996285550296
diagnostic_baseline\run_2,305,10847,10878,False,0.08969922945834696,0.012081230408512056,0.34971784614026546,0.40322476672008634
diagnostic_baseline\run_2,306,10879,10909,False,0.09260890680936075,0.002909677351013787,0.3484202152298343,0.45815014022011913
diagnostic_baseline\run_2,307,10910,10942,False,0.08543933555483818,-0.007169571254522569,0.3360122586741592,0.43285733235604834
diagnostic_baseline\run_2,308,10943,10978,False,0.08234179040624036,-0.0030975451485978217,0.3406927420033349,0.4012148487899039
diagnostic_baseline\run_2,309,10979,11012,True,0.09366123465930715,0.011319444253066788,0.35093678358723135,0.8391130658633569
diagnostic_baseline\run_2,310,11013,11043,False,0.09658280964339933,0.002921574984092179,0.35392598952016524,0.5001728964909431
diagnostic_baseline\run_2,311,11044,11071,False,0.0930267648239221,-0.0035560448194772304,0.3498725912400654,0.5537169876375369
diagnostic_baseline\run_2,312,11072,11105,False,0.10163371955208919,0.008606954728167096,0.35863448591793284,0.4001919909873429
diagnostic_baseline\run_2,313,11106,11143,False,0.08410517273372725,-0.01752854681836194,0.3380993412513482,0.4691342750662251
diagnostic_baseline\run_2,314,11144,11176,False,0.08709158409725536,0.0029864113635281048,0.34307031017361267,0.46005732972513547
diagnostic_baseline\run_2,315,11177,11207,False,0.08385944799069435,-0.0032321361065610066,0.33256763027560327,0.3852302035497081
diagnostic_baseline\run_2,316,11208,11237,False,0.08616697837909063,0.0023075303883962756,0.34755792617797854,0.4471904298911492
diagnostic_baseline\run_2,317,11238,11269,False,0.08357655920553952,-0.0025904191735511006,0.3376949308440089,0.5372970821335912
pilot_lr1e-04_target1000\run_0,14,52,120,False,0.010427840592245153,-0.00463418293949169,0.0818665724625622,0.06732231359658898
pilot_lr1e-04_target1000\run_0,15,121,171,False,0.00956324886133456,-0.0008645917309105921,0.053170819419856165,0.02993768643514783
pilot_lr1e-04_target1000\run_0,16,172,233,False,0.013095276358897888,0.0035320274975633274,0.0627842552419151,0.033597823938414935
pilot_lr1e-04_target1000\run_0,17,234,306,False,0.01419218236019146,0.001096906001293571,0.0703054143447582,0.042462956594073606
pilot_lr1e-04_target1000\run_0,18,307,360,False,0.015144003460321713,0.0009518211001302533,0.07541809527686348,0.04662306767164005
pilot_lr1e-04_target1000\run_0,19,361,418,False,0.01846598468496111,0.0033219812246393973,0.0915040197814333,0.044816659795569966
pilot_lr1e-04_target1000\run_0,20,419,458,False,0.016774708067532628,-0.0016912766174284818,0.08658388536423445,0.04376323733013123
pilot_lr1e-04_target1000\run_0,21,459,507,False,0.01877211733740203,0.001997409269869403,0.0931447828758736,0.05168027510600431
pilot_lr1e-04_target1000\run_0,22,508,548,False,0.01860358202602805,-0.0001685353113739796,0.09173153713345528,0.0476464867228415
pilot_lr1e-04_target1000\run_0,23,549,596,False,0.020923997488959383,0.0023204154629313314,0.10412810618678729,0.049997223870983966
pilot_lr1e-04_target1000\run_0,24,597,645,False,0.022986035242828787,0.0020620377538694036,0.10854178286936818,0.05672252486098786
pilot_lr1e-04_target1000\run_0,25,646,685,False,0.02424765801988542,0.0012616227770566348,0.11263945382088422,0.06418314911425113
pilot_lr1e-04_target1000\run_0,26,686,729,False,0.02474526047113944,0.00049760245125402,0.11456504447216337,0.060101541436531326
pilot_lr1e-04_target1000\run_0,27,730,770,False,0.024854874397378143,0.00010961392623870178,0.12051710250174127,0.054694340973183875
pilot_lr1e-04_target1000\run_0,28,771,817,False,0.025685677582279166,0.0008308031849010231,0.12220421766347074,0.0578794482540577
pilot_lr1e-04_target1000\run_0,29,818,861,False,0.028464856176552446,0.00277917859427328,0.13182200643826614,0.05888805038888346
pilot_lr1e-04_target1000\run_0,30,862,901,False,0.027540748962201177,-0.0009241072143512698,0.1307596296072006,0.05983394528739154
pilot_lr1e-04_target1000\run_0,31,902,946,False,0.028873571794894005,0.0013328228326928288,0.13738882657554413,0.05756456032395363
pilot_lr1e-04_target1000\run_0,32,947,983,False,0.029107829782407026,0.00023425798751302088,0.13560688576182803,0.0638443080809068
pilot_lr1e-04_target1000\run_0,33,984,1050,True,0.04221271984835169,0.013104890065944664,0.19860898725577256,0.14171093479910893
pilot_lr1e-04_target1000\run_0,34,1051,1093,False,0.034569837932669836,-0.007642881915681854,0.1651030118728793,0.07382901957215265
pilot_lr1e-04_target1000\run_0,35,1094,1134,False,0.034841871388801716,0.0002720334561318802,0.16925153881311417,0.07713314232121153
pilot_lr1e-04_target1000\run_0,36,1135,1175,False,0.03432276281641751,-0.0005191085723842068,0.16304315881031314,0.07217868733242518
pilot_lr1e-04_target1000\run_0,37,1176,1219,False,0.036957869729535145,0.0026351069131176352,0.17450775629417462,0.07049590171399442
pilot_lr1e-04_target1000\run_0,38,1220,1265,False,0.03369968461439661,-0.0032581851151385344,0.1619612788376601,0.08194430937747592
pilot_lr1e-04_target1000\run_0,39,1266,1304,False,0.03712335787713528,0.0034236732627386662,0.169621008902024,0.08742370719137864
pilot_lr1e-04_target1000\run_0,40,1305,1344,False,0.03429439864121377,-0.0028289592359215035,0.16579312179237604,0.06705338256433606
pilot_lr1e-04_target1000\run_0,41,1345,1396,False,0.035208025481551886,0.0009136268403381123,0.16459390406425184,0.07259874715684698
pilot_lr1e-04_target1000\run_0,42,1397,1437,False,0.03878770455172876,0.0035796790701768735,0.18060989750594628,0.08972982771512938
pilot_lr1e-04_target1000\run_0,43,1438,1476,False,0.040178109581271805,0.001390405029543046,0.17872338799329904,0.08309710326676185
pilot_lr1e-04_target1000\run_0,44,1477,1519,False,0.03856093037960141,-0.001617179201670392,0.17976006865501404,0.08747950607780801
pilot_lr1e-04_target1000\run_0,45,1520,1573,False,0.03846907056868076,-9.185981092064976e-05,0.17994849494209997,0.09386764149422999
pilot_lr1e-04_target1000\run_0,46,1574,1608,False,0.03823757586734636,-0.00023149470133440597,0.1789032131433487,0.08207599387637206
pilot_lr1e-04_target1000\run_0,47,1609,1646,False,0.04052168042644074,0.002284104559094384,0.18323192568986038,0.09093694163388327
pilot_lr1e-04_target1000\run_0,48,1647,1679,False,0.04189544379936926,0.0013737633729285215,0.19313507775465646,0.09066127985715866
pilot_lr1e-04_target1000\run_0,49,1680,1741,False,0.04036706881297211,-0.0015283749863971505,0.18649249019161349,0.09321814438989086
pilot_lr1e-04_target1000\run_0,50,1742,1777,False,0.04226689966809419,0.0018998308551220755,0.19288763238324058,0.09954670966706342
pilot_lr1e-04_target1000\run_0,51,1778,1824,False,0.03932888056845107,-0.00293801909964312,0.18445649045578977,0.07255792631668613
pilot_lr1e-04_target1000\run_0,52,1825,1873,False,0.04250846677744875,0.0031795862089976853,0.1946836837700435,0.09408467996637432
pilot_lr1e-04_target1000\run_0,53,1874,1910,False,0.044693915878196024,0.0021854491007472707,0.20637355624018489,0.09966789105454006
pilot_lr1e-04_target1000\run_0,54,1911,1945,False,0.04338738673499652,-0.0013065291431995016,0.19993433015687126,0.0958599186369351
pilot_lr1e-04_target1000\run_0,55,1946,1984,False,0.04441354543161698,0.001026158696620455,0.20292057593663534,0.0781598190466563
pilot_lr1e-04_target1000\run_0,56,1985,2024,True,0.058196588139981034,0.013783042708364057,0.2514538925141096,0.21908002397976817
pilot_lr1e-04_target1000\run_0,57,2025,2070,False,0.04776849933778462,-0.010428088802196415,0.2326306279586709,0.14821840757909027
pilot_lr1e-04_target1000\run_0,58,2071,2110,False,0.044030721532180905,-0.0037377778056037134,0.21361086033284665,0.10123021528124809
pilot_lr1e-04_target1000\run_0,59,2111,2144,False,0.04657038618974826,0.0025396646575673518,0.2184143140912056,0.11761300561620909
pilot_lr1e-04_target1000\run_0,60,2145,2188,False,0.04395222964442589,-0.002618156545322367,0.21011230485005813,0.11552494472231377
pilot_lr1e-04_target1000\run_0,61,2189,2233,False,0.04538242328498099,0.0014301936405550983,0.21062864661216735,0.12713313760856787
pilot_lr1e-04_target1000\run_0,62,2234,2276,False,0.04637303705825362,0.0009906137732726347,0.21519263192664745,0.11056859418749809
pilot_lr1e-04_target1000\run_0,63,2277,2309,False,0.04175375768858375,-0.004619279369669875,0.199528153647076,0.0872434348883954
pilot_lr1e-04_target1000\run_0,64,2310,2344,False,0.04829767495393753,0.006543917265353784,0.21979086995124816,0.12208879962563515
pilot_lr1e-04_target1000\run_0,65,2345,2388,False,0.04602004900913347,-0.0022776259448040598,0.21330515532331032,0.1142781964418563
pilot_lr1e-04_target1000\run_0,66,2389,2427,False,0.04852865044123087,0.0025086014320973987,0.2223008114558,0.13203224100363561
pilot_lr1e-04_target1000\run_0,67,2428,2468,False,0.046911612153053284,-0.0016170382881775872,0.2148158990028428,0.08725074869466991
pilot_lr1e-04_target1000\run_0,68,2469,2504,False,0.04675339534878731,-0.00015821680426597595,0.21677951390544573,0.12360053623302115
pilot_lr1e-04_target1000\run_0,69,2505,2541,False,0.04655048512929195,-0.00020291021949535998,0.21320768103406235,0.11333815944758621
pilot_lr1e-04_target1000\run_0,70,2542,2583,False,0.046773391110556464,0.0002229059812645165,0.21631642821289243,0.11388957518197242
pilot_lr1e-04_target1000\run_0,71,2584,2617,False,0.04489173258052153,-0.001881658530034934,0.20830692307037466,0.1155444992815747
pilot_lr1e-04_target1000\run_0,72,2618,2657,False,0.04990766244009137,0.005015929859569841,0.22924008965492249,0.10743547165766358
pilot_lr1e-04_target1000\run_0,73,2658,2697,False,0.04990803776308894,3.7532299757003784e-07,0.22819733284413815,0.13205175772309302
pilot_lr1e-04_target1000\run_0,74,2698,2739,False,0.04737816631261792,-0.0025298714504710246,0.21802329342989696,0.12427448463581857
pilot_lr1e-04_target1000\run_0,75,2740,2782,False,0.04740198337754538,2.3817064927461606e-05,0.21846427889757378,0.12484980721113294
pilot_lr1e-04_target1000\run_0,76,2783,2822,False,0.05194939281791448,0.0045474094403691045,0.23713739551603794,0.10618080962449312
pilot_lr1e-04_target1000\run_0,77,2823,2855,False,0.05092409286986698,-0.001025299948047502,0.22933254503842557,0.11928412916533875
pilot_lr1e-04_target1000\run_0,78,2856,2890,False,0.04934605753847531,-0.0015780353313916695,0.2278992474079132,0.1210781963808196
pilot_lr1e-04_target1000\run_0,79,2891,2930,False,0.05127360066398978,0.0019275431255144707,0.2341289095580578,0.13718339996412396
pilot_lr1e-04_target1000\run_0,80,2931,2969,False,0.050436812811172925,-0.0008367878528168574,0.22752453157534966,0.11460557885659046
pilot_lr1e-04_target1000\run_0,81,2970,3008,True,0.06065586400337708,0.010219051192204155,0.25727994166887724,0.23498171634781054
pilot_lr1e-04_target1000\run_0,82,3009,3043,False,0.05582396505134446,-0.0048318989520326205,0.2558258682489395,0.23928929641842842
pilot_lr1e-04_target1000\run_0,83,3044,3082,False,0.050486344270981275,-0.005337620780363185,0.22963688503473234,0.1835961100191642
pilot_lr1e-04_target1000\run_0,84,3083,3120,False,0.05260624819876332,0.002119903927782045,0.23949463665485382,0.16412084981014854
pilot_lr1e-04_target1000\run_0,85,3121,3159,False,0.05178264404336611,-0.0008236041553972076,0.23683054401324347,0.15537602951129278
pilot_lr1e-04_target1000\run_0,86,3160,3196,False,0.052798106460957915,0.0010154624175918031,0.2432426057151846,0.13805383323012171
pilot_lr1e-04_target1000\run_0,87,3197,3235,False,0.05464442093402912,0.001846314473071202,0.24827279723607576,0.12293122799541706
pilot_lr1e-04_target1000\run_0,88,3236,3274,False,0.05231793807485165,-0.00232648285917747,0.240457751812079,0.16019861256847015
pilot_lr1e-04_target1000\run_0,89,3275,3311,False,0.0518105037107661,-0.0005074343640855475,0.2381349806044553,0.16868007283758474
pilot_lr1e-04_target1000\run_0,90,3312,3346,False,0.05100928981389318,-0.0008012138968729182,0.23091588275773184,0.1485742105969361
pilot_lr1e-04_target1000\run_0,91,3347,3377,False,0.053623332011122855,0.002614042197229674,0.2405142149617595,0.15984833024201855
pilot_lr1e-04_target1000\run_0,92,3378,3417,False,0.053288533538579944,-0.0003347984725429118,0.2433596931397915,0.1772096548229456
pilot_lr1e-04_target1000\run_0,93,3418,3461,False,0.05242417642677372,-0.0008643571118062202,0.24064294045621698,0.13415037451142614
pilot_lr1e-04_target1000\run_0,94,3462,3499,False,0.053486935010081844,0.001062758583308121,0.24350225572523318,0.1558221507033235
pilot_lr1e-04_target1000\run_0,95,3500,3542,False,0.05555160802810691,0.0020646730180250636,0.24859433742456657,0.14231249568767326
pilot_lr1e-04_target1000\run_0,96,3543,3584,False,0.05342366422216097,-0.002127943805945935,0.24316769731896265,0.13029182684563456
pilot_lr1e-04_target1000\run_0,97,3585,3618,False,0.055253969395861906,0.001830305173700933,0.2530466006959186,0.19430889441248247
pilot_lr1e-04_target1000\run_0,98,3619,3657,False,0.05459744072495363,-0.0006565286709082768,0.24828371673058242,0.18202767482934853
pilot_lr1e-04_target1000\run_0,99,3658,3696,False,0.05630453007343488,0.0017070893484812527,0.253664309779803,0.14081904635979578
pilot_lr1e-04_target1000\run_0,100,3697,3735,False,0.05392191578180362,-0.002382614291631259,0.2465544377381985,0.1543003984559805
pilot_lr1e-04_target1000\run_0,101,3736,3769,False,0.05408773910911644,0.00016582332731281818,0.2479030275169541,0.15118527828770525
pilot_lr1e-04_target1000\run_0,102,3770,3813,False,0.05230734040114013,-0.001780398707976312,0.2377586584876884,0.15955127047544176
pilot_lr1e-04_target1000\run_0,103,3814,3855,False,0.054585063652623264,0.0022777232514831353,0.2462864333675021,0.14226428508048966
pilot_lr1e-04_target1000\run_0,104,3856,3892,False,0.052228588510204,-0.0023564751424192606,0.2415427621957418,0.14055280276649706
pilot_lr1e-04_target1000\run_0,105,3893,3924,False,0.053871351410634816,0.0016427629004308122,0.2449286887422204,0.14793004072271287
pilot_lr1e-04_target1000\run_0,106,3925,3969,False,0.05347826158006986,-0.00039308983056495633,0.24554522501097786,0.15917321807808346
pilot_lr1e-04_target1000\run_0,107,3970,4006,True,0.0618318399867496,0.008353578406679739,0.25408589195560766,0.28420689994016207
pilot_lr1e-04_target1000\run_0,108,4007,4044,False,0.06236441217755016,0.0005325721908005648,0.279389936280878,0.3503211307290353
pilot_lr1e-04_target1000\run_0,109,4045,4082,False,0.056610621806038056,-0.0057537903715121075,0.2629276517974703,0.19087218610863937
pilot_lr1e-04_target1000\run_0,110,4083,4126,False,0.05723902760920199,0.0006284058031639367,0.2608946470374411,0.20928659577938644
pilot_lr1e-04_target1000\run_0,111,4127,4162,False,0.05652510136779812,-0.0007139262414038727,0.2562735714018345,0.17244534856743282
pilot_lr1e-04_target1000\run_0,112,4163,4197,False,0.05869283601641655,0.0021677346486184274,0.2624532060963767,0.22471435783164842
pilot_lr1e-04_target1000\run_0,113,4198,4232,False,0.05732117827449526,-0.0013716577419212866,0.2599619120359421,0.17687352480632917
pilot_lr1e-04_target1000\run_0,114,4233,4271,False,0.05738498614384578,6.380786935052118e-05,0.25739685350503677,0.20078673767737854
pilot_lr1e-04_target1000\run_0,115,4272,4312,False,0.05352389330907566,-0.0038610928347701245,0.24622261451511848,0.20528252459153895
pilot_lr1e-04_target1000\run_0,116,4313,4347,False,0.05611198821238109,0.0025880949033054365,0.24861352358545577,0.21262791752815247
pilot_lr1e-04_target1000\run_0,117,4348,4380,False,0.057907948326883896,0.0017959601145028023,0.25527746614181634,0.16421698891755307
pilot_lr1e-04_target1000\run_0,118,4381,4421,False,0.05690682697586897,-0.0010011213510149261,0.2563367645914962,0.17733364061611454
pilot_lr1e-04_target1000\run_0,119,4422,4458,False,0.05553142525054313,-0.0013754017253258394,0.2539020458588729,0.20988675619702082
pilot_lr1e-04_target1000\run_0,120,4459,4495,False,0.05959505346175786,0.004063628211214733,0.2609677105336576,0.2072861732260601
pilot_lr1e-04_target1000\run_0,121,4496,4531,False,0.05863325566881233,-0.000961797792945536,0.26217979606654906,0.2033417640874783
pilot_lr1e-04_target1000\run_0,122,4532,4566,False,0.06066743390900748,0.002034178240195153,0.2652854527745928,0.20690124343548502
pilot_lr1e-04_target1000\run_0,123,4567,4602,False,0.062295394949615,0.0016279610406075215,0.2741781477299001,0.1914195195875234
pilot_lr1e-04_target1000\run_0,124,4603,4641,False,0.0605815029106079,-0.0017138920390071047,0.27458495856859744,0.21066831405728292
pilot_lr1e-04_target1000\run_0,125,4642,4676,False,0.060108578098671775,-0.00047292481193612207,0.2689499531473432,0.1972085558942386
pilot_lr1e-04_target1000\run_0,126,4677,4713,False,0.05883111472468119,-0.001277463373990588,0.26160825507060903,0.16574538801167463
pilot_lr1e-04_target1000\run_0,127,4714,4754,False,0.060148973472234676,0.0013178587475534895,0.26536668146528847,0.187474481943177
pilot_lr1e-04_target1000\run_0,128,4755,4788,False,0.059459934668505895,-0.0006890388037287809,0.26281481236219406,0.21234720496132092
pilot_lr1e-04_target1000\run_0,129,4789,4821,False,0.061509090278184776,0.0020491556096788807,0.2736358150388255,0.23105865558891586
pilot_lr1e-04_target1000\run_0,130,4822,4858,False,0.05984187498688698,-0.001667215291297798,0.2674122807141897,0.20458383143350883
pilot_lr1e-04_target1000\run_0,131,4859,4892,False,0.05898816248073297,-0.0008537125061540071,0.2667216807603836,0.1844749845126096
pilot_lr1e-04_target1000\run_0,132,4893,4927,False,0.06271378185067858,0.0037256193699456083,0.2803338553224291,0.178691959806851
pilot_lr1e-04_target1000\run_0,133,4928,4963,False,0.0602890546951029,-0.002424727155575679,0.2670242012374931,0.20414786454704073
pilot_lr1e-04_target1000\run_0,134,4964,4998,False,0.06186766464795385,0.0015786099528509526,0.27263621262141635,0.18841045892664365
pilot_lr1e-04_target1000\run_0,135,4999,5039,True,0.07254160704409204,0.01067394239613819,0.29533268693016795,0.461523837341768
pilot_lr1e-04_target1000\run_0,136,5040,5073,False,0.0646885427481988,-0.007853064295893247,0.27284299757550745,0.2922814390895998
pilot_lr1e-04_target1000\run_0,137,5074,5110,False,0.06181709478433068,-0.0028714479638681165,0.2740489800234099,0.23114552580424258
pilot_lr1e-04_target1000\run_0,138,5111,5147,False,0.061750014992179095,-6.707979215158505e-05,0.2702927114190282,0.20411852998910723
pilot_lr1e-04_target1000\run_0,139,5148,5179,False,0.0661921309074387,0.004442115915259601,0.28089249739423394,0.24285318271722645
pilot_lr1e-04_target1000\run_0,140,5180,5214,False,0.061569111687796454,-0.004623019219642241,0.2733086109161377,0.19152190248881068
pilot_lr1e-04_target1000\run_0,141,5215,5250,False,0.06367267957992023,0.0021035678921237783,0.2763305219511191,0.24219312870668042
pilot_lr1e-04_target1000\run_0,142,5251,5285,False,0.06264512645346777,-0.00102755312645246,0.2746311209031514,0.24897368933473316
pilot_lr1e-04_target1000\run_0,143,5286,5315,False,0.0644589023043712,0.0018137758509034207,0.27906225671370827,0.23585541819532713
pilot_lr1e-04_target1000\run_0,144,5316,5351,False,0.06798041053116322,0.0035215082267920222,0.2886299325360192,0.2281049278875192
pilot_lr1e-04_target1000\run_0,145,5352,5387,False,0.06467851034055154,-0.0033019001906116757,0.2793534994125366,0.22722378155837455
pilot_lr1e-04_target1000\run_0,146,5388,5417,False,0.06493700817227363,0.0002584978317220904,0.2785682166616122,0.24821117483079433
pilot_lr1e-04_target1000\run_0,147,5418,5452,False,0.061814105617148535,-0.0031229025551250955,0.27337013525622234,0.2251507471714701
pilot_lr1e-04_target1000\run_0,148,5453,5482,False,0.06521254641314347,0.003398440795994939,0.28282811443010963,0.23349993973970412
pilot_lr1e-04_target1000\run_0,149,5483,5514,False,0.06468889524694532,-0.0005236511661981524,0.284885591827333,0.17704803426750004
pilot_lr1e-04_target1000\run_0,150,5515,5551,False,0.06585499815441467,0.0011661029074693519,0.28100121786465515,0.2384984501310297
pilot_lr1e-04_target1000\run_0,151,5552,5588,False,0.06213627282429386,-0.0037187253301208117,0.2768486565029299,0.21728422392059016
pilot_lr1e-04_target1000\run_0,152,5589,5626,False,0.0655579005221003,0.003421627697806434,0.28027147133099406,0.20528721456464968
pilot_lr1e-04_target1000\run_0,153,5627,5661,False,0.06598863537822451,0.00043073485612421525,0.2856621137687138,0.24112397634557314
pilot_lr1e-04_target1000\run_0,154,5662,5693,False,0.06766933447215706,0.00168069909393255,0.28702535945922136,0.2586870298255235
pilot_lr1e-04_target1000\run_0,155,5694,5732,False,0.06579176661295769,-0.001877567859199375,0.28854910226968616,0.27461203321432454
pilot_lr1e-04_target1000\run_0,156,5733,5763,False,0.06774802517987066,0.0019562585669129773,0.2862495462740621,0.2688133488259008
pilot_lr1e-04_target1000\run_0,157,5764,5800,False,0.06651009347390484,-0.0012379317059658251,0.28670160552939855,0.22855538542608958
pilot_lr1e-04_target1000\run_0,158,5801,5834,False,0.06478707196519655,-0.001723021508708289,0.2848898216205485,0.1957997153787052
pilot_lr1e-04_target1000\run_0,159,5835,5871,False,0.06418124415181778,-0.0006058278133787703,0.2853647043576112,0.2791165886698542
pilot_lr1e-04_target1000\run_0,160,5872,5904,False,0.06865234943953427,0.0044711052877164925,0.2876881090077487,0.2628902519742648
pilot_lr1e-04_target1000\run_0,161,5905,5938,False,0.06493996806881007,-0.003712381370724202,0.28663938492536545,0.2505220695234397
pilot_lr1e-04_target1000\run_0,162,5939,5975,False,0.06622172650453206,0.001281758435721994,0.2883696519845241,0.19241066740171328
pilot_lr1e-04_target1000\run_0,163,5976,6009,True,0.07311135146986036,0.0068896249653283,0.2971196200917749,0.505144136136069
pilot_lr1e-04_target1000\run_0,164,6010,6043,False,0.07398458438761094,0.0008732329177505715,0.3098682261565152,0.3962567569140126
pilot_lr1e-04_target1000\run_0,165,6044,6074,False,0.07271086316435568,-0.001273721223255253,0.29786216828130907,0.24669682354696335
pilot_lr1e-04_target1000\run_0,166,6075,6111,False,0.0650103467743139,-0.007700516390041781,0.2860306001998283,0.26178958639502525
pilot_lr1e-04_target1000\run_0,167,6112,6148,False,0.06610405837764612,0.0010937116033322147,0.29141945371756683,0.23192847338882652
pilot_lr1e-04_target1000\run_0,168,6149,6179,False,0.0702514797449112,0.004147421367265078,0.2987605689033385,0.2700081948311098
pilot_lr1e-04_target1000\run_0,169,6180,6209,False,0.07115469165146351,0.0009032119065523203,0.29535044928391774,0.3157810851931572
pilot_lr1e-04_target1000\run_0,170,6210,6241,False,0.06638320873025805,-0.004771482921205467,0.29194707702845335,0.2486586798913777
pilot_lr1e-04_target1000\run_0,171,6242,6275,False,0.07046801410615444,0.004084805375896394,0.2984530110569561,0.23600519612869797
pilot_lr1e-04_target1000\run_0,172,6276,6309,False,0.0684711747967145,-0.001996839309439946,0.2983570957885069,0.28802472100976634
pilot_lr1e-04_target1000\run_0,173,6310,6341,False,0.07090845913626254,0.0024372843395480404,0.304484692402184,0.2646050595212728
pilot_lr1e-04_target1000\run_0,174,6342,6377,False,0.06686955483423339,-0.004038904302029148,0.29033250568641555,0.21363510750234127
pilot_lr1e-04_target1000\run_0,175,6378,6407,False,0.06326072203616301,-0.00360883279807038,0.2808672532439232,0.2725253394494454
pilot_lr1e-04_target1000\run_0,176,6408,6444,False,0.06927808374166489,0.006017361705501878,0.29884284613905726,0.29885969733869705
pilot_lr1e-04_target1000\run_0,177,6445,6475,False,0.07313288832383771,0.003854804582172827,0.29962397102386723,0.2980142957981556
pilot_lr1e-04_target1000\run_0,178,6476,6510,False,0.06381349893552916,-0.00931938938830855,0.28792665345328194,0.24082931642021452
pilot_lr1e-04_target1000\run_0,179,6511,6545,False,0.06451359295419284,0.00070009401866368,0.28257012835570744,0.32745415100029535
pilot_lr1e-04_target1000\run_0,180,6546,6580,False,0.06820911903466498,0.0036955260804721335,0.2868096228156771,0.2464127819452967
pilot_lr1e-04_target1000\run_0,181,6581,6613,False,0.06947383758696643,0.0012647185523014526,0.2985069674975944,0.35072695757403516
pilot_lr1e-04_target1000\run_0,182,6614,6652,False,0.06625313378679447,-0.003220703800171962,0.2902935590499487,0.29374360541502637
pilot_lr1e-04_target1000\run_0,183,6653,6684,False,0.0657726259669289,-0.00048050781986556934,0.2831211695447564,0.2451123909559101
pilot_lr1e-04_target1000\run_0,184,6685,6718,False,0.06705717457567945,0.0012845486087505464,0.292041094864116,0.25262589434928756
pilot_lr1e-04_target1000\run_0,185,6719,6754,False,0.07065194907287757,0.003594774497198125,0.2995479744341638,0.30843310120205086
pilot_lr1e-04_target1000\run_0,186,6755,6784,False,0.06727068262795607,-0.0033812664449214963,0.2900609458486239,0.23721488627294698
pilot_lr1e-04_target1000\run_0,187,6785,6811,False,0.0687202765709824,0.0014495939430263227,0.3012662982499158,0.2813420436448521
pilot_lr1e-04_target1000\run_0,188,6812,6847,False,0.07015694015555912,0.001436663584576725,0.30207589806781876,0.3103490668452448
pilot_lr1e-04_target1000\run_0,189,6848,6880,False,0.06535437804731456,-0.004802562108244562,0.28950033404610376,0.2610322119611682
pilot_lr1e-04_target1000\run_0,190,6881,6913,False,0.0717220755689072,0.006367697521592636,0.3006110191345215,0.3054671890356324
pilot_lr1e-04_target1000\run_0,191,6914,6949,False,0.06826876879980166,-0.0034533067691055325,0.29282984054750866,0.2150912345904443
pilot_lr1e-04_target1000\run_0,192,6950,6980,False,0.06925956267983682,0.0009907938800351596,0.2983255319056972,0.26534509682847607
pilot_lr1e-04_target1000\run_0,193,6981,7024,True,0.08478797142478553,0.015528408744948707,0.3257469094612382,0.6007175061174415
pilot_lr1e-04_target1000\run_0,194,7025,7061,False,0.07275483666642292,-0.01203313475836261,0.2991155281260207,0.36988892466635315
pilot_lr1e-04_target1000\run_0,195,7062,7092,False,0.07533904309234311,0.0025842064259201936,0.30691387095758993,0.3130742639543549
pilot_lr1e-04_target1000\run_0,196,7093,7130,False,0.07166828528830879,-0.003670757804034322,0.2967559781513716,0.2872093906135936
pilot_lr1e-04_target1000\run_0,197,7131,7162,False,0.07103141059633344,-0.0006368746919753476,0.29545274563133717,0.3551677914801985
pilot_lr1e-04_target1000\run_0,198,7163,7197,False,0.0700276367366314,-0.0010037738597020451,0.2983634229217257,0.24397093249218804
pilot_lr1e-04_target1000\run_0,199,7198,7234,False,0.07451203747375591,0.004484400737124514,0.3090727796425691,0.3091149918130926
pilot_lr1e-04_target1000\run_0,200,7235,7274,False,0.0724997092038393,-0.0020123282699166106,0.29886505417525766,0.262735859118402
pilot_lr1e-04_target1000\run_0,201,7275,7307,False,0.06639898376482906,-0.006100725439010246,0.2920472987673499,0.22970208615967722
pilot_lr1e-04_target1000\run_0,202,7308,7344,False,0.07163791439017735,0.00523893062534829,0.29874992410878876,0.29413173951812693
pilot_lr1e-04_target1000\run_0,203,7345,7375,False,0.07740448054767424,0.005766566157496891,0.30867508438325697,0.23363899896221776
pilot_lr1e-04_target1000\run_0,204,7376,7406,False,0.07536048406074124,-0.002043996486933,0.311441098490069,0.2869184344045578
pilot_lr1e-04_target1000\run_0,205,7407,7437,False,0.07726240422456496,0.0019019201638237199,0.31165049249126064,0.32914377268283596
pilot_lr1e-04_target1000\run_0,206,7438,7470,False,0.07898899438706311,0.0017265901624981539,0.31564134539979877,0.34886293000344076
pilot_lr1e-04_target1000\run_0,207,7471,7505,False,0.07288023201482637,-0.006108762372236745,0.3010774352720806,0.2841805047222546
pilot_lr1e-04_target1000\run_0,208,7506,7537,False,0.07376036187633872,0.0008801298615123548,0.3051488408818841,0.3136389919091016
pilot_lr1e-04_target1000\run_0,209,7538,7569,False,0.07760193652939051,0.0038415746530517936,0.31419664109125733,0.26797387143597007
pilot_lr1e-04_target1000\run_0,210,7570,7605,False,0.07552789265496863,-0.0020740438744218798,0.30990057852533126,0.26067234203219414
pilot_lr1e-04_target1000\run_0,211,7606,7642,False,0.0709114013290083,-0.0046164913259603285,0.29522739068881887,0.3302245126986826
pilot_lr1e-04_target1000\run_0,212,7643,7673,False,0.07039442790612098,-0.0005169734228873263,0.29423500789750007,0.2917788807422884
pilot_lr1e-04_target1000\run_0,213,7674,7707,False,0.07143100022393115,0.0010365723178101666,0.2994320077054641,0.21662406513796134
pilot_lr1e-04_target1000\run_0,214,7708,7739,False,0.0738371463958174,0.002406146171886253,0.3137514949776232,0.34656981914304197
pilot_lr1e-04_target1000\run_0,215,7740,7774,False,0.07408385447093419,0.00024670807511678605,0.31051661031586786,0.2795718395284244
pilot_lr1e-04_target1000\run_0,216,7775,7808,False,0.07167879185255836,-0.0024050626183758222,0.30460328608751297,0.2818359734819216
pilot_lr1e-04_target1000\run_0,217,7809,7882,False,0.06969187579847672,-0.001986916054081647,0.30160386477773254,0.30017490624576004
pilot_lr1e-04_target1000\run_0,218,7883,7914,False,0.07480495260097086,0.005113076802494149,0.3087372463196516,0.4097656491212547
pilot_lr1e-04_target1000\run_0,219,7915,7947,False,0.0738948852275357,-0.0009100673734351583,0.30195001128948096,0.26416672179193207
pilot_lr1e-04_target1000\run_0,220,7948,7983,False,0.07794638899051481,0.004051503762979108,0.3176467873983913,0.2827101709942023
pilot_lr1e-04_target1000\run_0,221,7984,8014,True,0.08056287419411444,0.002616485203599625,0.312608293948635,0.6216407502370496
pilot_lr1e-04_target1000\run_0,222,8015,8046,False,0.07898234704043716,-0.0015805271536772775,0.3241999433375895,0.4506696076132357
pilot_lr1e-04_target1000\run_0,223,8047,8079,False,0.07165867778839487,-0.007323669252042295,0.3064632840228803,0.35180601409890433
pilot_lr1e-04_target1000\run_0,224,8080,8113,False,0.08032279352054876,0.008664115732153893,0.3160269405035412,0.30148884675958576
pilot_lr1e-04_target1000\run_0,225,8114,8148,False,0.07039660045078823,-0.00992619306976053,0.29880770061697276,0.3657629747475897
pilot_lr1e-04_target1000\run_0,226,8149,8180,False,0.06963940884452313,-0.000757191606265098,0.30595837347209454,0.2993950587697327
pilot_lr1e-04_target1000\run_0,227,8181,8214,False,0.07636353154392804,0.006724122699404908,0.30683214699520783,0.309771783211652
pilot_lr1e-04_target1000\run_0,228,8215,8249,False,0.07788099125027656,0.0015174597063485201,0.3081441981451852,0.30358955625976836
pilot_lr1e-04_target1000\run_0,229,8250,8282,False,0.08230576957717087,0.0044247783268943075,0.322726359873107,0.2881739777371739
pilot_lr1e-04_target1000\run_0,230,8283,8316,False,0.07078650297925752,-0.011519266597913344,0.30625534758848305,0.300558231990127
pilot_lr1e-04_target1000\run_0,231,8317,8351,False,0.08459722410355296,0.013810721124295433,0.32520018347672053,0.3550746689949717
pilot_lr1e-04_target1000\run_0,232,8352,8383,False,0.07271234528161585,-0.011884878821937103,0.30945377983152866,0.34404325066134334
pilot_lr1e-04_target1000\run_0,233,8384,8421,False,0.07558423025827658,0.0028718849766607296,0.3103414452389667,0.32618426433519315
pilot_lr1e-04_target1000\run_0,234,8422,8458,False,0.07702748114998276,0.0014432508917061743,0.3106044079806354,0.3511239860106159
pilot_lr1e-04_target1000\run_0,235,8459,8489,False,0.079957467654059,0.0029299865040762485,0.3202534269902014,0.4081328208408048
pilot_lr1e-04_target1000\run_0,236,8490,8524,False,0.0725758256656783,-0.007381641988380705,0.31225995336260115,0.3618478119373322
pilot_lr1e-04_target1000\run_0,237,8525,8557,False,0.0773334525751345,0.004757626909456206,0.32403837008909747,0.32246153011466516
pilot_lr1e-04_target1000\run_0,238,8558,8587,False,0.08362696841359138,0.006293515838456873,0.32477775613466897,0.29285015165805817
pilot_lr1e-04_target1000\run_0,239,8588,8621,False,0.07305055933401865,-0.010576409079572732,0.3124084875864141,0.28449206854052406
pilot_lr1e-04_target1000\run_0,240,8622,8650,False,0.082209305645063,0.009158746311044352,0.3301144643076535,0.3548232966969753
pilot_lr1e-04_target1000\run_0,241,8651,8686,False,0.07548974899368154,-0.006719556651381464,0.3151179825266202,0.28275866868595284
pilot_lr1e-04_target1000\run_0,242,8687,8719,False,0.08002097757928299,0.0045312285856014545,0.3174438255302834,0.4845234035994067
pilot_lr1e-04_target1000\run_0,243,8720,8752,False,0.07695270815130437,-0.0030682694279786232,0.3154689534143968,0.33953337822899676
pilot_lr1e-04_target1000\run_0,244,8753,8785,False,0.07159920307722958,-0.0053535050740747825,0.2954745495861227,0.34674772462158493
pilot_lr1e-04_target1000\run_0,245,8786,8814,False,0.07626004863915772,0.00466084556192814,0.3144930313373434,0.3106364629648883
pilot_lr1e-04_target1000\run_0,246,8815,8849,False,0.07474394142627716,-0.001516107212880563,0.31119348321642193,0.35876033306121824
pilot_lr1e-04_target1000\run_0,247,8850,8881,False,0.08055118459742516,0.005807243171148002,0.3212561411783099,0.305326453410089
pilot_lr1e-04_target1000\run_0,248,8882,8916,False,0.08386613130569458,0.0033149467082694145,0.3298105571951185,0.3652414375117847
pilot_lr1e-04_target1000\run_0,249,8917,8948,False,0.0759462007554248,-0.00791993055026978,0.31182927917689085,0.30014559207484126
pilot_lr1e-04_target1000\run_0,250,8949,8981,False,0.07576770786986206,-0.00017849288556273657,0.31551714286659704,0.3913456034479719
pilot_lr1e-04_target1000\run_0,251,8982,9013,True,0.08763960155192763,0.011871893682065565,0.33019203087314963,0.6557583769317716
pilot_lr1e-04_target1000\run_0,252,9014,9046,False,0.08366478686079834,-0.003974814691129286,0.3351315973383008,0.5195274819253068
pilot_lr1e-04_target1000\run_0,253,9047,9080,False,0.0820484464878545,-0.0016163403729438364,0.31959616086062265,0.32687470820896763
pilot_lr1e-04_target1000\run_0,254,9081,9116,False,0.07923374759654205,-0.0028146988913124588,0.31984177894062465,0.3802607839720117
pilot_lr1e-04_target1000\run_0,255,9117,9154,False,0.08555538834709871,0.006321640750556662,0.3321400104384673,0.45013081694119855
pilot_lr1e-04_target1000\run_0,256,9155,9186,False,0.08334646828006953,-0.002208920067029177,0.3221262125298381,0.38342944846954197
pilot_lr1e-04_target1000\run_0,257,9187,9220,False,0.08651440974105806,0.0031679414609885326,0.3303664011113784,0.33843617535689297
pilot_lr1e-04_target1000\run_0,258,9221,9254,False,0.0841177657027455,-0.002396644038312565,0.3223995329702602,0.3761487473898074
pilot_lr1e-04_target1000\run_0,259,9255,9286,False,0.07941990345716476,-0.004697862245580733,0.3143754741176963,0.41142102482263
pilot_lr1e-04_target1000\run_0,260,9287,9317,False,0.08594537334096047,0.006525469883795709,0.328688237936266,0.38453825995806723
pilot_lr1e-04_target1000\run_0,261,9318,9346,False,0.08186598096428246,-0.004079392376678009,0.3258480594075959,0.4026466101921838
pilot_lr1e-04_target1000\run_0,262,9347,9377,False,0.07019299677302761,-0.011672984191254857,0.3049763426665337,0.2988477086107577
pilot_lr1e-04_target1000\run_0,263,9378,9413,False,0.08260063858081897,0.012407641807791359,0.32804157502121395,0.31579172756108975
pilot_lr1e-04_target1000\run_0,264,9414,9447,False,0.0758503527544877,-0.006750285826331262,0.31075673813329024,0.39109495567048297
pilot_lr1e-04_target1000\run_0,265,9448,9479,False,0.08070513908751309,0.004854786333025385,0.3196404669433832,0.3948951973579824
pilot_lr1e-04_target1000\run_0,266,9480,9511,False,0.08399459067732096,0.003289451589807868,0.3235940793529153,0.31043432280421257
pilot_lr1e-04_target1000\run_0,267,9512,9554,False,0.08509459736388783,0.0011000066865668734,0.3240363736485326,0.32887583477206006
pilot_lr1e-04_target1000\run_0,268,9555,9589,False,0.08084337956139019,-0.004251217802497639,0.32075501084327696,0.32562573211533685
pilot_lr1e-04_target1000\run_0,269,9590,9623,False,0.0779898965402561,-0.0028534830211340845,0.32281730630818534,0.3957078805302872
pilot_lr1e-04_target1000\run_0,270,9624,9658,False,0.08274273435984339,0.004752837819587283,0.323330272095544,0.300677364213126
pilot_lr1e-04_target1000\run_0,271,9659,9689,False,0.07968021664888628,-0.0030625177109571133,0.31693951352950067,0.40389287375634714
pilot_lr1e-04_target1000\run_0,272,9690,9722,False,0.08047368919307535,0.0007934725441890722,0.3154461000001792,0.31755221657680743
pilot_lr1e-04_target1000\run_0,273,9723,9753,False,0.08598152920603752,0.005507840012962173,0.3330630237056363,0.46877769645183315
pilot_lr1e-04_target1000\run_0,274,9754,9788,False,0.08188746539609773,-0.004094063809939791,0.3250917511326926,0.36220628640481406
pilot_lr1e-04_target1000\run_0,275,9789,9822,False,0.08065583009053678,-0.0012316353055609464,0.3190498799085617,0.36137627481537704
pilot_lr1e-04_target1000\run_0,276,9823,9849,False,0.08291981659001774,0.002263986499480952,0.3166785449893386,0.36892455098805604
pilot_lr1e-04_target1000\run_0,277,9850,9887,False,0.07804327958116405,-0.004876537008853682,0.31968360982443156,0.34834800190047216
pilot_lr1e-04_target1000\run_0,278,9888,9923,False,0.08201372706227833,0.003970447481114275,0.3207924622628424,0.3901458115627368
pilot_lr1e-04_target1000\run_0,279,9924,9973,False,0.0803545693308115,-0.001659157731466826,0.3183799970149994,0.3334736429154873
pilot_lr1e-04_target1000\run_0,280,9974,10007,True,0.09654669430764283,0.016192124976831326,0.3485707929905723,0.7313380254542127
pilot_lr1e-04_target1000\run_0,281,10008,10045,False,0.09014894009420746,-0.006397754213435372,0.34466174793870824,0.6188746298614302
pilot_lr1e-04_target1000\run_0,282,10046,10078,False,0.08148812841285359,-0.008660811681353867,0.32015050992821203,0.4216940183982705
pilot_lr1e-04_target1000\run_0,283,10079,10111,False,0.09029460935430093,0.008806480941447342,0.33346560416799603,0.41931888235337805
pilot_lr1e-04_target1000\run_0,284,10112,10142,False,0.09104918352057857,0.0007545741662776384,0.3296899545577265,0.40011753358187213
pilot_lr1e-04_target1000\run_0,285,10143,10173,False,0.08120276598680404,-0.009846417533774535,0.32554076323586123,0.29648702735862426
pilot_lr1e-04_target1000\run_0,286,10174,10206,False,0.08538828666011493,0.004185520673310891,0.3254370499740947,0.3853777273360527
pilot_lr1e-04_target1000\run_0,287,10207,10239,False,0.08030650821147543,-0.005081778448639496,0.32719270117355115,0.35302096673033456
pilot_lr1e-04_target1000\run_0,288,10240,10271,False,0.08191684982739389,0.0016103416159184564,0.3313625594601035,0.3913627020083368
pilot_lr1e-04_target1000\run_0,289,10272,10304,False,0.07391122818896265,-0.008005621638431243,0.3183954583876061,0.36071652873898996
pilot_lr1e-04_target1000\run_0,290,10305,10339,False,0.0792934880724975,0.005382259883534857,0.32717245391436983,0.3572832616312163
pilot_lr1e-04_target1000\run_0,291,10340,10373,False,0.08495874352314893,0.005665255450651427,0.3248028965557323,0.4681399473372628
pilot_lr1e-04_target1000\run_0,292,10374,10403,False,0.08353313778837522,-0.0014256057347737106,0.3265755275885264,0.4255788266658783
pilot_lr1e-04_target1000\run_0,293,10404,10439,False,0.07921501000722249,-0.004318127781152731,0.3250317590104209,0.35130736976861954
pilot_lr1e-04_target1000\run_0,294,10440,10471,False,0.08474258542992175,0.005527575422699257,0.3256157599389553,0.3676551018143073
pilot_lr1e-04_target1000\run_0,295,10472,10506,False,0.08047438891870635,-0.004268196511215391,0.3231658458709717,0.3840287626854011
pilot_lr1e-04_target1000\run_0,296,10507,10536,False,0.08018704776962599,-0.00028734114908036956,0.3311133240660032,0.42824196045597396
pilot_lr1e-04_target1000\run_0,297,10537,10568,False,0.08374481706414372,0.003557769294517732,0.3332416610792279,0.4561437882948667
pilot_lr1e-04_target1000\run_0,298,10569,10604,False,0.08162830770015717,-0.0021165093639865518,0.321785396999783,0.3820134595864349
pilot_lr1e-04_target1000\run_0,299,10605,10637,False,0.0834569303375302,0.0018286226373730313,0.32473729505683435,0.403044834281459
pilot_lr1e-04_target1000\run_0,300,10638,10669,False,0.08035390300210565,-0.0031030273354245436,0.3295867256820202,0.4736013328656554
pilot_lr1e-04_target1000\run_0,301,10670,10702,False,0.08333185439308484,0.002977951390979186,0.3336914262988351,0.3328310436371601
pilot_lr1e-04_target1000\run_0,302,10703,10734,False,0.08844585833139718,0.0051140039383123365,0.3378397496417165,0.4090001650620252
pilot_lr1e-04_target1000\run_0,303,10735,10805,False,0.08909308464384415,0.0006472263124469718,0.338542704850855,0.4616160890166189
pilot_lr1e-04_target1000\run_0,304,10806,10841,False,0.08481663651764393,-0.004276448126200219,0.332605452173286,0.3282451931801107
pilot_lr1e-04_target1000\run_0,305,10842,10875,False,0.0881082336692249,0.003291597151580977,0.34114787420805764,0.4053533977883704
pilot_lr1e-04_target1000\run_0,306,10876,10907,False,0.07683588552754372,-0.011272348141681182,0.32623171992599964,0.3739839436020702
pilot_lr1e-04_target1000\run_0,307,10908,10945,False,0.08347302038026483,0.006637134852721105,0.3343687543743535,0.38006093039324407
pilot_lr1e-04_target1000\run_0,308,10946,10982,False,0.08487669569817749,0.0014036753179126615,0.3295091922218735,0.3890765168376871
pilot_lr1e-04_target1000\run_0,309,10983,11013,True,0.09195031381903156,0.007073618120854067,0.3426567796737917,0.7767559313966382
pilot_lr1e-04_target1000\run_0,310,11014,11048,False,0.08757236355117388,-0.004377950267857672,0.3373180253165109,0.6546209529042244
pilot_lr1e-04_target1000\run_0,311,11049,11080,False,0.08752431662287563,-4.8046928298253744e-05,0.3368907552212477,0.4110095566138625
pilot_lr1e-04_target1000\run_0,312,11081,11113,False,0.08725055013642166,-0.00027376648645396906,0.3453719408223123,0.3681307245384563
pilot_lr1e-04_target1000\run_0,313,11114,11182,False,0.08508521831337956,-0.0021653318230420993,0.32952116192251013,0.4508176548001559
pilot_lr1e-04_target1000\run_0,314,11183,11221,False,0.08640429463524085,0.00131907632186129,0.33364551189618236,0.44636199336785537
pilot_lr1e-04_target1000\run_0,315,11222,11253,False,0.09188739350065589,0.005483098865415037,0.3421073639765382,0.5245776295196265
pilot_lr1e-04_target250\run_0,14,52,120,False,0.010427840592245153,-0.00463418293949169,0.0818665724625622,0.06732231359658898
pilot_lr1e-04_target250\run_0,15,121,171,False,0.00956324886133456,-0.0008645917309105921,0.053170819419856165,0.02993768643514783
pilot_lr1e-04_target250\run_0,16,172,233,False,0.013095276358897888,0.0035320274975633274,0.0627842552419151,0.033597823938414935
pilot_lr1e-04_target250\run_0,17,234,306,True,0.020253231289656195,0.007157954930758307,0.11053414857142592,0.10142450718438789
pilot_lr1e-04_target250\run_0,18,307,360,False,0.016154580025209322,-0.004098651264446872,0.0861950716762631,0.05147123733466422
pilot_lr1e-04_target250\run_0,19,361,430,False,0.01812362071858453,0.0019690406933752062,0.09222759806684085,0.04153050127040062
pilot_lr1e-04_target250\run_0,20,431,469,False,0.0180588997542285,-6.472096435602981e-05,0.0868880183268816,0.04875344582475149
pilot_lr1e-04_target250\run_0,21,470,514,True,0.026523822939230335,0.008464923185001836,0.13390062550703685,0.12157379839983251
pilot_lr1e-04_target250\run_0,22,515,561,False,0.025966298231419098,-0.0005575247078112369,0.13490182367411066,0.09214532486301788
pilot_lr1e-04_target250\run_0,23,562,604,False,0.022683008768877317,-0.003283289462541781,0.11494311361118804,0.06498165870475214
pilot_lr1e-04_target250\run_0,24,605,644,False,0.02768533758353442,0.0050023288146571025,0.12640741989016532,0.0857978770043701
pilot_lr1e-04_target250\run_0,25,645,685,False,0.027454265109376937,-0.00023107247415748294,0.1228746284798878,0.07375942838446396
pilot_lr1e-04_target250\run_0,26,686,731,False,0.026790863753336926,-0.0006634013560400109,0.11950002545895784,0.07914513973114283
pilot_lr1e-04_target250\run_0,27,732,769,True,0.03500335666007901,0.008212492906742086,0.16437441287072083,0.19508918394383631
pilot_lr1e-04_target250\run_0,28,770,813,False,0.029529681556265463,-0.005473675103813549,0.14399596913294357,0.13632837268100542
pilot_lr1e-04_target250\run_0,29,814,857,False,0.030555102381516586,0.0010254208252511235,0.14396805231544105,0.10670796426182444
pilot_lr1e-04_target250\run_0,30,858,896,False,0.03265951096247404,0.0021044085809574543,0.1516132429242134,0.11891086538059589
pilot_lr1e-04_target250\run_0,31,897,940,False,0.029987379675731063,-0.002672131286742978,0.13876818611540578,0.09922748287631707
pilot_lr1e-04_target250\run_0,32,941,977,False,0.02962619881774928,-0.000361180857981782,0.13908813752838084,0.09098876187124767
pilot_lr1e-04_target250\run_0,33,978,1027,True,0.03971037857234478,0.0100841797545955,0.1834816311299801,0.24121947579085826
pilot_lr1e-04_target250\run_0,34,1028,1069,False,0.03261427936099824,-0.007096099211346539,0.15574763963619867,0.13674435755681424
pilot_lr1e-04_target250\run_0,35,1070,1109,False,0.036368063930422065,0.0037537845694238237,0.16446716748178006,0.13828566968441008
pilot_lr1e-04_target250\run_0,36,1110,1146,False,0.03343004622572177,-0.0029380177047002923,0.1567664651854618,0.14235619722387274
pilot_lr1e-04_target250\run_0,37,1147,1183,False,0.03530378755484078,0.001873741329119008,0.15831153155178637,0.12950332070121895
pilot_lr1e-04_target250\run_0,38,1184,1230,False,0.0386286717146001,0.003324884159759317,0.17740585322075703,0.1264820508658886
pilot_lr1e-04_target250\run_0,39,1231,1277,True,0.04427861343038843,0.00564994171578833,0.20376153512203948,0.30355449488505404
pilot_lr1e-04_target250\run_0,40,1278,1315,False,0.04047300416584078,-0.003805609264547649,0.1843217854437075,0.18773634761179747
pilot_lr1e-04_target250\run_0,41,1316,1355,False,0.03895359942689538,-0.0015194047389454,0.18420959636569023,0.17441104548051953
pilot_lr1e-04_target250\run_0,42,1356,1392,False,0.03960079135926994,0.0006471919323745648,0.18032007322118088,0.16491357574390397
pilot_lr1e-04_target250\run_0,43,1393,1434,False,0.03936275378579185,-0.00023803757347809484,0.17910582501263844,0.16650678554461115
pilot_lr1e-04_target250\run_0,44,1435,1473,False,0.0407418315895857,0.0013790778037938503,0.18287999278459793,0.17539423818771654
pilot_lr1e-04_target250\run_0,45,1474,1518,True,0.04989984010656675,0.00915800851698105,0.21411459843317668,0.3056793980300426
pilot_lr1e-04_target250\run_0,46,1519,1549,False,0.04607750445363983,-0.003822335652926917,0.20809824332114188,0.28841350251628506
pilot_lr1e-04_target250\run_0,47,1550,1585,False,0.04154325561184022,-0.004534248841799614,0.1907581922908624,0.18628461389905876
pilot_lr1e-04_target250\run_0,48,1586,1626,False,0.044438899244840555,0.002895643633000336,0.19883487173696843,0.22586074934863462
pilot_lr1e-04_target250\run_0,49,1627,1664,False,0.04543364763652023,0.0009947483916796784,0.20059166574164441,0.20936894328578523
pilot_lr1e-04_target250\run_0,50,1665,1704,False,0.04417852535843849,-0.0012551222780817425,0.19769030176103114,0.21428756779059768
pilot_lr1e-04_target250\run_0,51,1705,1743,False,0.04544536774166119,0.0012668423832227008,0.20346451913699126,0.2016265684595475
pilot_lr1e-04_target250\run_0,52,1744,1785,True,0.056575476679773556,0.011130108938112365,0.24180191081194652,0.47713879220897243
pilot_lr1e-04_target250\run_0,53,1786,1833,False,0.04850218836994221,-0.008073288309831346,0.21036377424995104,0.23175091800900796
pilot_lr1e-04_target250\run_0,54,1834,1871,False,0.04687627282385763,-0.001625915546084579,0.2085139222050968,0.25503882795180144
pilot_lr1e-04_target250\run_0,55,1872,1907,False,0.04877221956849098,0.0018959467446333506,0.21682839882042673,0.21925358443210521
pilot_lr1e-04_target250\run_0,56,1908,1947,False,0.05073209768161178,0.0019598781131207957,0.2116745837032795,0.24034931156784295
pilot_lr1e-04_target250\run_0,57,1948,1981,False,0.04893641420366133,-0.0017956834779504494,0.21359656575848074,0.2500806613003506
pilot_lr1e-04_target250\run_0,58,1982,2024,True,0.05680906309118105,0.00787264888751972,0.2463159779476565,0.5068959893528805
pilot_lr1e-04_target250\run_0,59,2025,2063,False,0.05402819611705267,-0.002780866974128382,0.22627645654556078,0.2618815982953096
pilot_lr1e-04_target250\run_0,60,2064,2103,False,0.05257509918883443,-0.0014530969282182393,0.22053411342203616,0.2556001710705459
pilot_lr1e-04_target250\run_0,61,2104,2138,False,0.04914072358182498,-0.003434375607009446,0.2197087879691805,0.21010047367640905
pilot_lr1e-04_target250\run_0,62,2139,2179,False,0.05264470471841533,0.0035039811365903464,0.2290177846827158,0.25256899399001426
pilot_lr1e-04_target250\run_0,63,2180,2223,False,0.05576826860620217,0.00312356388778684,0.22055588256229053,0.2668312498452989
pilot_lr1e-04_target250\run_0,64,2224,2261,True,0.0599949589293254,0.004226690323123235,0.2454336689491021,0.4647595991233462
pilot_lr1e-04_target250\run_0,65,2262,2301,False,0.05604932066053152,-0.003945638268793884,0.24680703654885291,0.39878235682845115
pilot_lr1e-04_target250\run_0,66,2302,2337,False,0.06380312574199504,0.007753805081463519,0.24225556891825464,0.32919596197704476
pilot_lr1e-04_target250\run_0,67,2338,2374,False,0.052951827544618295,-0.010851298197376742,0.22255839850451495,0.3239304278347943
pilot_lr1e-04_target250\run_0,68,2375,2413,False,0.05699712735338089,0.004045299808762594,0.23391155860362908,0.3309181015460919
pilot_lr1e-04_target250\run_0,69,2414,2457,False,0.05455533796074716,-0.002441789392633731,0.230905450203202,0.27524146590043197
pilot_lr1e-04_target250\run_0,70,2458,2497,False,0.057275848696008325,0.002720510735261167,0.23449868597090245,0.2620455210097134
pilot_lr1e-04_target250\run_0,71,2498,2535,True,0.06825168950385169,0.010975840807843362,0.270692006145653,0.6180255299336032
pilot_lr1e-04_target250\run_0,72,2536,2585,False,0.059052664153277874,-0.009199025350573813,0.23944374799728393,0.28753988340497016
pilot_lr1e-04_target250\run_0,73,2586,2628,False,0.0560465098986792,-0.0030061542545986725,0.2310163503469423,0.3195432861183965
pilot_lr1e-04_target250\run_0,74,2629,2678,False,0.05860144034028053,0.002554930441601329,0.24301682770252228,0.32912488773465154
pilot_lr1e-04_target250\run_0,75,2679,2716,False,0.059400911491952445,0.0007994711516719141,0.24652287285578878,0.3151114884960024
pilot_lr1e-04_target250\run_0,76,2717,2753,True,0.06450125192468231,0.005100340432729868,0.24955200826799548,0.40425614650185043
pilot_lr1e-04_target250\run_0,77,2754,2786,False,0.0669633848874858,0.0024621329628034816,0.27655918264027796,0.6121170267914281
pilot_lr1e-04_target250\run_0,78,2787,2827,False,0.06327707102385963,-0.003686313863626167,0.2577855285347962,0.3862464873165619
pilot_lr1e-04_target250\run_0,79,2828,2861,False,0.06065825646852746,-0.0026188145553321662,0.24920963057700327,0.3957354286137749
pilot_lr1e-04_target250\run_0,80,2862,2899,False,0.06082091617741083,0.00016265970888337117,0.24759700188511297,0.3445395641028881
pilot_lr1e-04_target250\run_0,81,2900,2934,False,0.06375867841499193,0.002937762237581097,0.2510142534971237,0.3237917299781527
pilot_lr1e-04_target250\run_0,82,2935,2972,False,0.06724540810835988,0.0034867296933679542,0.2602991873496457,0.29449398756811496
pilot_lr1e-04_target250\run_0,83,2973,3008,True,0.07189749481363429,0.004652086705274408,0.27905963982144993,0.6181666157725785
pilot_lr1e-04_target250\run_0,84,3009,3047,False,0.06848433795265663,-0.0034131568609776647,0.27667281528313953,0.5768893567415384
pilot_lr1e-04_target250\run_0,85,3048,3084,False,0.06647451785770622,-0.002009820094950404,0.2490384220271497,0.3744152415845845
pilot_lr1e-04_target250\run_0,86,3085,3119,False,0.06138309831065791,-0.005091419547048309,0.24590279885700772,0.4000204320464815
pilot_lr1e-04_target250\run_0,87,3120,3157,False,0.07147634588181973,0.010093247571161812,0.25727453435722153,0.29369237842528445
pilot_lr1e-04_target250\run_0,88,3158,3198,False,0.06339691343103968,-0.00807943245078005,0.24956336326715423,0.3654615417486284
pilot_lr1e-04_target250\run_0,89,3199,3237,False,0.06393514984311202,0.000538236412072346,0.26120658218860626,0.46940792619417876
pilot_lr1e-04_target250\run_0,90,3238,3275,True,0.07471484896775923,0.010779699124647213,0.28983671963214874,0.7527635579830722
pilot_lr1e-04_target250\run_0,91,3276,3312,False,0.07218246866722365,-0.0025323803005355833,0.26927569307185506,0.4831612025563781
pilot_lr1e-04_target250\run_0,92,3313,3350,False,0.07136764377355576,-0.0008148248936678953,0.2668628645570655,0.41893503158108186
pilot_lr1e-04_target250\run_0,93,3351,3391,False,0.0682518526730014,-0.0031157911005543493,0.25963797547468326,0.42228865768851304
pilot_lr1e-04_target250\run_0,94,3392,3429,False,0.07074874747348459,0.0024968948004831792,0.26733252288479553,0.4512805323067464
pilot_lr1e-04_target250\run_0,95,3430,3469,False,0.06910560512915254,-0.0016431423443320492,0.268938722088933,0.5178357787430287
pilot_lr1e-04_target250\run_0,96,3470,3511,True,0.07960758313891433,0.010501978009761798,0.2819957034218879,0.5978280648234344
pilot_lr1e-04_target250\run_0,97,3512,3552,False,0.06850085153085429,-0.011106731608060041,0.27320035528845904,0.6401395003606634
pilot_lr1e-04_target250\run_0,98,3553,3594,False,0.06794592649454162,-0.0005549250363126729,0.26639356428668615,0.43035668241126196
pilot_lr1e-04_target250\run_0,99,3595,3629,False,0.07468548225505012,0.006739555760508498,0.2774966895580292,0.5421869820782117
pilot_lr1e-04_target250\run_0,100,3630,3671,False,0.07037276748035635,-0.004312714774693763,0.26789586565324236,0.5842546320387295
pilot_lr1e-04_target250\run_0,101,3672,3709,False,0.07802331124089266,0.00765054376053631,0.27944163664391164,0.4109226798540668
pilot_lr1e-04_target250\run_0,102,3710,3746,False,0.06783125740853516,-0.010192053832357509,0.27101734159766017,0.4886241082001377
pilot_lr1e-04_target250\run_0,103,3747,3785,True,0.08610760334592599,0.01827634593739083,0.30398309039763916,0.9060970989939494
pilot_lr1e-04_target250\run_0,104,3786,3821,False,0.07925315532419416,-0.006854448021731824,0.2854203184445699,0.47172854964931804
pilot_lr1e-04_target250\run_0,105,3822,3853,False,0.06747171841561794,-0.01178143690857622,0.27019925881177187,0.4598817038349807
pilot_lr1e-04_target250\run_0,106,3854,3891,False,0.0822561432264353,0.014784424810817362,0.286892778779331,0.4346035816951802
pilot_lr1e-04_target250\run_0,107,3892,3925,False,0.06916316269951708,-0.013092980526918221,0.2743544718798469,0.4463351211127113
pilot_lr1e-04_target250\run_0,108,3926,3966,False,0.0742522541706155,0.005089091471098414,0.2750462391754476,0.4913000035576704
pilot_lr1e-04_target250\run_0,109,3967,4001,True,0.07469401434063912,0.00044176017002361956,0.275138635294778,0.5223060335431781
pilot_lr1e-04_target250\run_0,110,4002,4037,False,0.07749513743652238,0.0028011230958832622,0.2942480755349,1.1258435630136066
pilot_lr1e-04_target250\run_0,111,4038,4072,False,0.07787057725446565,0.00037543981794327386,0.2865973506655012,0.5683142002139773
pilot_lr1e-04_target250\run_0,112,4073,4107,False,0.08061769210866519,0.0027471148541995394,0.28859397981848034,0.47248425632715224
pilot_lr1e-04_target250\run_0,113,4108,4142,False,0.0692527807184628,-0.01136491139020239,0.27089777503694806,0.4532683287348066
pilot_lr1e-04_target250\run_0,114,4143,4177,False,0.07037463166884013,0.001121850950377326,0.2749623047454017,0.5141723920192037
pilot_lr1e-04_target250\run_0,115,4178,4214,False,0.0750249426912617,0.004650311022421569,0.28095882929660176,0.5087100994345304
pilot_lr1e-04_target250\run_0,116,4215,4247,False,0.08073944903232834,0.005714506341066641,0.28412849162564136,0.44891098051360157
pilot_lr1e-04_target250\run_0,117,4248,4280,True,0.08892297372221947,0.008183524689891128,0.31294072487137536,1.0696402571418069
pilot_lr1e-04_target250\run_0,118,4281,4316,False,0.06966829641411702,-0.019254677308102444,0.27525822031829095,0.4982975448171298
pilot_lr1e-04_target250\run_0,119,4317,4350,False,0.09250693099901956,0.02283863458490254,0.2976409201236332,0.4982313575113521
pilot_lr1e-04_target250\run_0,120,4351,4387,False,0.07736710801317885,-0.015139822985840712,0.28575755655765533,0.47897586427830363
pilot_lr1e-04_target250\run_0,121,4388,4427,False,0.07827730765566229,0.0009101996424834419,0.29688757881522176,0.5780817599035799
pilot_lr1e-04_target250\run_0,122,4428,4461,False,0.07978190328268443,0.00150459562702214,0.2876659881542711,0.5410991845762029
pilot_lr1e-04_target250\run_0,123,4462,4496,False,0.08814252774630274,0.008360624463618307,0.2918903065579278,0.512397626042366
pilot_lr1e-04_target250\run_0,124,4497,4530,True,0.09250719155020573,0.004364663803902991,0.31525958329439163,1.1114106967168695
pilot_lr1e-04_target250\run_0,125,4531,4567,False,0.07727224128069105,-0.015234950269514685,0.2911795442168777,0.6219062255443754
pilot_lr1e-04_target250\run_0,126,4568,4603,False,0.09562770391090049,0.018355462630209443,0.3053982026047177,0.5619646658500036
pilot_lr1e-04_target250\run_0,127,4604,4644,False,0.07958215311533068,-0.01604555079556981,0.2886962385439291,0.5260260726620511
pilot_lr1e-04_target250\run_0,128,4645,4673,False,0.0789865626600282,-0.0005955904553024832,0.29627481616776563,0.635214207501247
pilot_lr1e-04_target250\run_0,129,4674,4708,False,0.07555476693170411,-0.003431795728324083,0.28181718034403663,0.7771310178296906
pilot_lr1e-04_target250\run_0,130,4709,4740,False,0.0867075229762122,0.011152756044508091,0.30644545005634427,0.6033720667473972
pilot_lr1e-04_target250\run_0,131,4741,4774,True,0.09147463684134624,0.004767113865134037,0.32211078615749583,1.0043065565473892
pilot_lr1e-04_target250\run_0,132,4775,4810,False,0.09476709283060497,0.00329245598925873,0.3043984067108896,0.572565203325616
pilot_lr1e-04_target250\run_0,133,4811,4844,False,0.07776264342315056,-0.01700444940745441,0.29220015774754915,0.5806035180302227
pilot_lr1e-04_target250\run_0,134,4845,4880,False,0.09089977149334219,0.013137128070191628,0.31410711507002514,0.678903951206141
pilot_lr1e-04_target250\run_0,135,4881,4915,False,0.10062316879630089,0.009723397302958695,0.31895019582339695,0.6429171909179007
pilot_lr1e-04_target250\run_0,136,4916,4951,False,0.09145806843621863,-0.009165100360082251,0.31574294509159195,0.6376114406933387
pilot_lr1e-04_target250\run_0,137,4952,4985,False,0.09523112085812233,0.0037730524219036915,0.31667345280156417,0.6275112501838628
pilot_lr1e-04_target250\run_0,138,4986,5019,True,0.10009830160176053,0.004867180743638205,0.3284930078422322,1.0065680203192375
pilot_lr1e-04_target250\run_0,139,5020,5050,False,0.08800582755957881,-0.012092474042181722,0.3113735068228937,0.6716533382573435
pilot_lr1e-04_target250\run_0,140,5051,5093,False,0.0799629410165687,-0.008042886543010108,0.3015488999527554,0.5763870093018509
pilot_lr1e-04_target250\run_0,141,5094,5130,False,0.10373814514762647,0.02377520413105777,0.32534485169359156,0.6756869824351491
pilot_lr1e-04_target250\run_0,142,5131,5172,False,0.08589340781881696,-0.017844737328809507,0.29795809906153453,0.5169184115670976
pilot_lr1e-04_target250\run_0,143,5173,5203,False,0.08503089712992791,-0.0008625106888890538,0.3017007170184966,0.5154141033849409
pilot_lr1e-04_target250\run_0,144,5204,5241,False,0.08561981459589381,0.0005889174659658991,0.3056408410009585,0.7112590119634804
pilot_lr1e-04_target250\run_0,145,5242,5279,True,0.0894832189537977,0.003863404357903888,0.3125884521164392,1.0637262957660776
pilot_lr1e-04_target250\run_0,146,5280,5309,False,0.08795280357201894,-0.0015304153817787547,0.3034284730752309,0.6347024366259575
pilot_lr1e-04_target250\run_0,147,5310,5346,False,0.10219729419898342,0.014244490626964479,0.32685204776557714,0.6800915784127003
pilot_lr1e-04_target250\run_0,148,5347,5377,False,0.10098746563157728,-0.001209828567406146,0.31689486147895934,0.4989451213229087
pilot_lr1e-04_target250\run_0,149,5378,5410,False,0.10567707150722995,0.004689605875652675,0.3328628372965437,0.8489993237184755
pilot_lr1e-04_target250\run_0,150,5411,5450,False,0.09681435786187649,-0.00886271364535346,0.3197895109653473,0.6564280958846211
pilot_lr1e-04_target250\run_0,151,5451,5485,False,0.10015444372381482,0.003340085861938333,0.3292407636131559,0.8398925466196877
pilot_lr1e-04_target250\run_0,152,5486,5517,True,0.09495957812760025,-0.005194865596214571,0.327699757181108,1.1835121405310929
pilot_lr1e-04_target250\run_0,153,5518,5550,False,0.09062052495551831,-0.004339053172081941,0.31800825035933294,0.8791806729453983
pilot_lr1e-04_target250\run_0,154,5551,5580,False,0.09269137394924959,0.002070848993731278,0.3158235857884089,0.7108789826432864
pilot_lr1e-04_target250\run_0,155,5581,5615,False,0.10323768864784921,0.010546314698599624,0.32627751529216764,0.524139734676906
pilot_lr1e-04_target250\run_0,156,5616,5644,False,0.0983286219938048,-0.0049090666540444194,0.31970310879164726,0.7382701445242454
pilot_lr1e-04_target250\run_0,157,5645,5681,False,0.084886864331123,-0.013441757662681797,0.3085644229038342,0.5636557272157153
pilot_lr1e-04_target250\run_0,158,5682,5715,False,0.10371802067931961,0.018831156348196612,0.3325292476836373,0.6447817258098546
pilot_lr1e-04_target250\run_0,159,5716,5750,False,0.11181373074650765,0.008095710067188039,0.3448654055595398,0.7516502876366887
pilot_lr1e-04_target250\run_0,160,5751,5782,True,0.10684369038790464,-0.004970040358603003,0.339947278611362,1.3590241097845137
pilot_lr1e-04_target250\run_0,161,5783,5817,False,0.09639202292476381,-0.010451667463140829,0.3254577909197126,0.7750198662281036
pilot_lr1e-04_target250\run_0,162,5818,5852,False,0.0946051017514297,-0.0017869211733341217,0.3195327558687755,0.7751939696925026
pilot_lr1e-04_target250\run_0,163,5853,5884,False,0.10168937593698502,0.007084274185555323,0.32613583421334624,0.6325837098993361
pilot_lr1e-04_target250\run_0,164,5885,5915,False,0.09470631482620392,-0.006983061110781091,0.31988528563130286,0.6373107817865187
pilot_lr1e-04_target250\run_0,165,5916,5949,False,0.0944915480692597,-0.00021476675694422076,0.32261564538759346,0.754327848991927
pilot_lr1e-04_target250\run_0,166,5950,5983,False,0.1000845323809806,0.005592984311720894,0.3332248189870049,0.7635217839304138
pilot_lr1e-04_target250\run_0,167,5984,6015,True,0.09126606595236808,-0.008818466428612518,0.33762790728360415,1.5183297446928918
pilot_lr1e-04_target250\run_0,168,6016,6046,False,0.11807534038539856,0.02680927443303048,0.3507239313856248,0.8452209037157797
pilot_lr1e-04_target250\run_0,169,6047,6078,False,0.09467047092039138,-0.02340486946500718,0.3283080514520407,0.7472044387832284
pilot_lr1e-04_target250\run_0,170,6079,6111,False,0.10630783066153526,0.011637359741143882,0.3301900711023446,0.6325128308751367
pilot_lr1e-04_target250\run_0,171,6112,6147,False,0.10934950390623675,0.00304167324470149,0.3320389340321223,0.784430573383967
pilot_lr1e-04_target250\run_0,172,6148,6181,False,0.10978127763990093,0.00043177373366418137,0.3451308722005171,0.7444709061699755
pilot_lr1e-04_target250\run_0,173,6182,6214,False,0.0894571550641999,-0.02032412257570103,0.3223741858294516,0.7614643670844309
pilot_lr1e-04_target250\run_0,174,6215,6249,False,0.09607188286525863,0.00661472780105872,0.32361352912017277,0.6943624292101179
pilot_lr1e-04_target250\run_0,175,6250,6281,True,0.10612156463321298,0.010049681767954358,0.3454516204074025,1.4782095970585942
pilot_lr1e-04_target250\run_0,176,6282,6319,False,0.10608201434737757,-3.9550285835410204e-05,0.33646382313025625,0.8250803300424626
pilot_lr1e-04_target250\run_0,177,6320,6354,False,0.10074792695896966,-0.005334087388407918,0.3313954166003636,0.6555736435311181
pilot_lr1e-04_target250\run_0,178,6355,6386,False,0.09656018565874547,-0.0041877413002241876,0.3225317783653736,0.7281006998382509
pilot_lr1e-04_target250\run_0,179,6387,6421,False,0.08537667712994984,-0.011183508528795627,0.31052704538617815,0.6806820856673377
pilot_lr1e-04_target250\run_0,180,6422,6455,False,0.1013677632983993,0.015991086168449464,0.3371339957503712,0.9297564976355609
pilot_lr1e-04_target250\run_0,181,6456,6489,False,0.08522546116043539,-0.016142302137963915,0.3198264924918904,0.6644777570138959
pilot_lr1e-04_target250\run_0,182,6490,6523,True,0.10321641888688593,0.01799095772645054,0.3405855894088745,1.4343912031720667
pilot_lr1e-04_target250\run_0,183,6524,6556,False,0.09349581373460365,-0.009720605152282277,0.3290844604824529,0.8954703762675776
pilot_lr1e-04_target250\run_0,184,6557,6592,False,0.1092317286464903,0.015735914911886653,0.337661678592364,0.7423199183411069
pilot_lr1e-04_target250\run_0,185,6593,6692,False,0.10961018584668636,0.0003784572001960529,0.3381397587060928,0.7797371893376112
pilot_lr1e-04_target250\run_0,186,6693,6723,False,0.12107995885514444,0.011469773008458084,0.3567159363339024,0.7225588319763061
pilot_lr1e-04_target250\run_0,187,6724,6755,True,0.09096895856782794,-0.030111000287316503,0.32668806007131934,1.215427519287914
pilot_lr1e-04_target250\run_0,188,6756,6785,False,0.11350496063629786,0.022536002068469924,0.34612390846014024,1.0312094991405805
pilot_lr1e-04_target250\run_0,189,6786,6818,False,0.11101338222171321,-0.0024915784145846526,0.3380152036746343,0.700813098838835
pilot_lr1e-04_target250\run_0,190,6819,6851,False,0.11173931847919118,0.000725936257477966,0.33873948545166943,0.7308938805804108
pilot_lr1e-04_target250\run_0,191,6852,6883,False,0.11199460737407207,0.0002552888948808979,0.3454991434700787,0.8073385464958847
pilot_lr1e-04_target250\run_0,192,6884,6915,False,0.11276856285985559,0.0007739554857835174,0.34570444002747536,0.6561772092245519
pilot_lr1e-04_target250\run_0,193,6916,6951,False,0.08464255163239108,-0.028126011227464512,0.318330742418766,0.7945761072138945
pilot_lr1e-04_target250\run_0,194,6952,6984,False,0.11388212397243037,0.029239572340039294,0.35165172363772534,0.9050072269006209
pilot_lr1e-04_target250\run_0,195,6985,7020,True,0.11079793299237888,-0.003084190980051499,0.35790759325027466,1.386872711694903
pilot_lr1e-04_target250\run_0,196,7021,7055,False,0.11396029964089394,0.003162366648515061,0.34880017723355977,0.9297160757439477
pilot_lr1e-04_target250\run_0,197,7056,7089,False,0.10053429347189034,-0.013426006169003593,0.34122082415749044,0.8185566571705482
pilot_lr1e-04_target250\run_0,198,7090,7126,False,0.09815567802335765,-0.0023786154485326977,0.3235953361601443,0.7268200508646063
pilot_lr1e-04_target250\run_0,199,7127,7163,False,0.08730968510782397,-0.010845992915533675,0.31700921864122955,0.7675045889777106
pilot_lr1e-04_target250\run_0,200,7164,7197,False,0.09316175814498873,0.005852073037164757,0.3313329438952839,0.8557589229415444
pilot_lr1e-04_target250\run_0,201,7198,7228,False,0.11485952775805228,0.02169776961306355,0.3527319690873546,0.5773966576783888
pilot_lr1e-04_target250\run_0,202,7229,7268,True,0.120797454752028,0.005937926993975717,0.36131917536258695,1.1873953888192772
pilot_lr1e-04_target250\run_0,203,7269,7302,False,0.12472852374262669,0.003931068990598696,0.36392469616497264,0.9674710940350505
pilot_lr1e-04_target250\run_0,204,7303,7334,False,0.1170565924840048,-0.007671931258621895,0.34735967218875885,0.8363657658919692
pilot_lr1e-04_target250\run_0,205,7335,7365,False,0.09905886878409693,-0.01799772369990786,0.3358961372606216,0.7466699913624795
pilot_lr1e-04_target250\run_0,206,7366,7399,False,0.11820366540375878,0.01914479661966184,0.36013951634659486,0.7429809684262556
pilot_lr1e-04_target250\run_0,207,7400,7434,False,0.10758870095014572,-0.010614964453613054,0.34911794662475587,0.7718481042555401
pilot_lr1e-04_target250\run_0,208,7435,7469,False,0.10287131039159639,-0.004717390558549334,0.3371553361415863,0.6585083999804088
pilot_lr1e-04_target250\run_0,209,7470,7502,True,0.11234867787270834,0.009477367481111956,0.3423969266992627,1.0938008147658724
pilot_lr1e-04_target250\run_0,210,7503,7538,False,0.11507705619765653,0.002728378324948183,0.3599834508366055,1.4636622361010976
pilot_lr1e-04_target250\run_0,211,7539,7572,False,0.11016016595942132,-0.0049168902382352025,0.34938274017151666,0.9730539654984194
pilot_lr1e-04_target250\run_0,212,7573,7608,False,0.116125190216634,0.005965024257212681,0.3559446181688044,0.9976419616076682
pilot_lr1e-04_target250\run_0,213,7609,7645,False,0.11515493509737221,-0.0009702551192617981,0.3568278365844005,0.8038721890062899
pilot_lr1e-04_target250\run_0,214,7646,7678,False,0.12243256875962923,0.007277633662257019,0.35789754986763,0.7922071728742484
pilot_lr1e-04_target250\run_0,215,7679,7713,False,0.107190510311297,-0.015242058448332221,0.3381331946168627,0.8222353454147067
pilot_lr1e-04_target250\run_0,216,7714,7747,False,0.12811672446482322,0.020926214153526218,0.3655700446928249,0.8790424354374409
pilot_lr1e-04_target250\run_0,217,7748,7785,True,0.10308652763303958,-0.025030196831783647,0.33830055437589945,1.4800376209773516
pilot_lr1e-04_target250\run_0,218,7786,7818,False,0.13260491519714845,0.029518387564108878,0.37448760505878564,0.8735747653426547
pilot_lr1e-04_target250\run_0,219,7819,7853,False,0.11389998495578765,-0.0187049302413608,0.3482753038406372,0.816910314134189
pilot_lr1e-04_target250\run_0,220,7854,7885,False,0.11153722810558975,-0.0023627568501979057,0.34139123605564237,0.7167789749801159
pilot_lr1e-04_target250\run_0,221,7886,7919,False,0.10247854767915081,-0.00905868042643894,0.3353048558620846,0.6819421364104047
pilot_lr1e-04_target250\run_0,222,7920,7955,False,0.09911362982044618,-0.0033649178587046302,0.3370276093482971,1.0206902312735717
pilot_lr1e-04_target250\run_0,223,7956,7989,False,0.12783687474096522,0.028723244920519045,0.37145498394966125,0.9177094605915687
pilot_lr1e-04_target250\run_0,224,7990,8022,True,0.13149722349463086,0.0036603487536656376,0.37214255965117254,1.4536402261618413
pilot_lr1e-04_target250\run_0,225,8023,8056,False,0.09806484225041726,-0.033432381244213605,0.33830688981448903,1.090442737674012
pilot_lr1e-04_target250\run_0,226,8057,8091,False,0.12205255052873067,0.02398770827831341,0.35459067140306744,0.8709257726158415
pilot_lr1e-04_target250\run_0,227,8092,8130,False,0.12112630750888433,-0.0009262430198463401,0.3647307791771033,0.8440309736209038
pilot_lr1e-04_target250\run_0,228,8131,8164,False,0.10286874598001733,-0.018257561528866997,0.3360079132458743,0.8305627041879822
pilot_lr1e-04_target250\run_0,229,8165,8201,False,0.11551696756804311,0.012648221588025782,0.3525352727722477,0.7629534795477584
pilot_lr1e-04_target250\run_0,230,8202,8233,False,0.11066000151913613,-0.00485696604890698,0.35375196672976017,0.8372511705383658
pilot_lr1e-04_target250\run_0,231,8234,8270,True,0.1445307807141059,0.03387077919496978,0.39211494536013214,1.6033605941244073
pilot_lr1e-04_target250\run_0,232,8271,8301,False,0.12049893794521209,-0.02403184276889382,0.3604774869257404,0.946876531166415
pilot_lr1e-04_target250\run_0,233,8302,8337,False,0.11787920124414894,-0.0026197367010631495,0.3605311947564284,0.7468983930432134
pilot_lr1e-04_target250\run_0,234,8338,8371,False,0.1263282430522582,0.008449041808109264,0.3625056997818105,0.9071929318939939
pilot_lr1e-04_target250\run_0,235,8372,8403,False,0.10911739140283316,-0.01721085164942504,0.3496054336428642,0.7353435922414064
pilot_lr1e-04_target250\run_0,236,8404,8434,False,0.11744703580775569,0.008329644404922523,0.353828645040912,0.9469332819984805
pilot_lr1e-04_target250\run_0,237,8435,8470,False,0.12518417462706566,0.007737138819309972,0.3616466745734215,0.7589303130904833
pilot_lr1e-04_target250\run_0,238,8471,8497,False,0.10937951808726346,-0.015804656539802203,0.3556924451280523,0.9200928956270218
pilot_lr1e-04_target250\run_0,239,8498,8534,True,0.10350546925454526,-0.005874048832718193,0.3533497066111178,1.4365388263721723
pilot_lr1e-04_target250\run_0,240,8535,8563,False,0.11163382720330665,0.008128357948761392,0.3582234824525899,0.9953028585376411
pilot_lr1e-04_target250\run_0,241,8564,8599,False,0.11810652901315027,0.00647270180984362,0.36352606697214973,1.248609586722321
pilot_lr1e-04_target250\run_0,242,8600,8633,False,0.16811064827968092,0.050004119266530644,0.41272006578305187,1.0025208737043774
pilot_lr1e-04_target250\run_0,243,8634,8664,False,0.11675354682149426,-0.05135710145818666,0.35273828910243127,0.9323932581370876
pilot_lr1e-04_target250\run_0,244,8665,8699,False,0.12823375974382673,0.011480212922332464,0.35688770157950267,0.9188482820987701
pilot_lr1e-04_target250\run_0,245,8700,8731,False,0.1226978626800701,-0.005535897063756623,0.3639792278409004,1.008416703902185
pilot_lr1e-04_target250\run_0,246,8732,8764,True,0.14358238345294289,0.020884520772872783,0.3907449385433486,1.7025455389962052
pilot_lr1e-04_target250\run_0,247,8765,8802,False,0.11561695172598488,-0.027965431726958007,0.36021559881536586,0.9371300335777434
pilot_lr1e-04_target250\run_0,248,8803,8839,False,0.1056545647616322,-0.009962386964352685,0.3521484450714008,1.1304946543799865
pilot_lr1e-04_target250\run_0,249,8840,8871,False,0.13287900551222265,0.027224440750590453,0.3761264495551586,0.9066203152760863
pilot_lr1e-04_target250\run_0,250,8872,8900,False,0.11761977189573748,-0.015259233616485166,0.3554880511144112,0.9659935909098593
pilot_lr1e-04_target250\run_0,251,8901,8933,False,0.12647743861783634,0.008857666722098853,0.37524245272983203,0.9655550989237699
pilot_lr1e-04_target250\run_0,252,8934,8963,False,0.11293195808927219,-0.01354548052856415,0.3612535824378332,0.7782721494634947
pilot_lr1e-04_target250\run_0,253,8964,8996,False,0.1184451612785007,0.005513203189228516,0.36213319951837714,0.6640393381769006
pilot_lr1e-04_target250\run_0,254,8997,9026,True,0.14198825744291146,0.023543096164410762,0.3896660149097443,1.5997003585100174
pilot_lr1e-04_target250\run_0,255,9027,9065,False,0.1308563477717913,-0.011131909671120155,0.38248133200865525,1.0747277656426797
pilot_lr1e-04_target250\run_0,256,9066,9104,False,0.11062619691857925,-0.02023015085321206,0.350670351814001,0.9420515119265287
pilot_lr1e-04_target250\run_0,257,9105,9138,False,0.14511718359940193,0.03449098668082268,0.3943028327296762,1.0041440843659288
pilot_lr1e-04_target250\run_0,258,9139,9171,False,0.13287900534994673,-0.012238178249455195,0.3798570515531482,1.082278681523872
pilot_lr1e-04_target250\run_0,259,9172,9208,False,0.13454728422535434,0.0016682788754076028,0.38026932284638687,0.982059867800893
pilot_lr1e-04_target250\run_0,260,9209,9244,False,0.11976964119821787,-0.014777643027136467,0.36375097185373306,0.8710747783382734
pilot_lr1e-04_target250\run_0,261,9245,9277,True,0.1294315578133771,0.009661916615159222,0.37534357381589484,1.61090254286925
pilot_lr1e-04_target250\run_0,262,9278,9308,False,0.111983522772789,-0.01744803504058809,0.35357396593016965,1.1580413628009059
pilot_lr1e-04_target250\run_0,263,9309,9337,False,0.10445635945632539,-0.007527163316463609,0.34458297080007094,0.9394557923078537
pilot_lr1e-04_target250\run_0,264,9338,9370,False,0.14460492326003133,0.04014856380370593,0.38651119940208667,0.8765526210719888
pilot_lr1e-04_target250\run_0,265,9371,9400,False,0.1331490910301606,-0.011455832229870733,0.38412180691957476,1.05790184289217
pilot_lr1e-04_target250\run_0,266,9401,9438,False,0.12285696430818031,-0.01029212672198028,0.35850189155653905,0.7978895965375399
pilot_lr1e-04_target250\run_0,267,9439,9472,False,0.1345573436907109,0.011700379382530587,0.3752959265428431,0.7743330181521528
pilot_lr1e-04_target250\run_0,268,9473,9504,True,0.1324607441201806,-0.0020965995705302942,0.384511299431324,1.3935687066987157
pilot_lr1e-04_target250\run_0,269,9505,9533,False,0.14926608523418164,0.016805341114001032,0.4086255811411759,1.494585775609674
pilot_lr1e-04_target250\run_0,270,9534,9566,False,0.14670591033769376,-0.0025601748964878823,0.38272512139696063,1.0698640170422467
pilot_lr1e-04_target250\run_0,271,9567,9605,False,0.15054376557087287,0.003837855233179116,0.40093483680333847,1.0745839946545088
pilot_lr1e-04_target250\run_0,272,9606,9636,False,0.14132227784683626,-0.009221487724036609,0.38820948235450253,0.8331701351750281
pilot_lr1e-04_target250\run_0,273,9637,9671,False,0.15281707452876228,0.011494796681926017,0.40288584913526265,0.9175916795219694
pilot_lr1e-04_target250\run_0,274,9672,9706,False,0.10940275873456683,-0.043414315794195454,0.3545313264642443,0.9400448590517044
pilot_lr1e-04_target250\run_0,275,9707,9742,False,0.117934616179102,0.008531857444535176,0.3672131299972534,1.1462857950892713
pilot_lr1e-04_target250\run_0,276,9743,9773,True,0.1554784153497988,0.03754379917069681,0.40649674880889153,1.4469518498066933
pilot_lr1e-04_target250\run_0,277,9774,9813,False,0.12270346935838461,-0.0327749459914142,0.37667352631688117,1.3072215016931295
pilot_lr1e-04_target250\run_0,278,9814,9847,False,0.1448617206119439,0.022158251253559302,0.3952483683824539,0.9953509503427673
pilot_lr1e-04_target250\run_0,279,9848,9879,False,0.16411351843271405,0.019251797820770133,0.4088859660550952,1.0549360518343747
pilot_lr1e-04_target250\run_0,280,9880,9917,False,0.13876942996131747,-0.025344088471396575,0.3892802039259358,0.7697188081709962
pilot_lr1e-04_target250\run_0,281,9918,9948,False,0.13959951338268095,0.0008300834213634811,0.38433713105417067,1.0254880627316814
pilot_lr1e-04_target250\run_0,282,9949,9980,False,0.11945511773228645,-0.020144395650394498,0.3718609930947423,1.1243535852991045
pilot_lr1e-04_target250\run_0,283,9981,10016,True,0.14808835606608126,0.028633238333794803,0.40568987362914616,1.9911562254031498
pilot_lr1e-04_target250\run_0,284,10017,10045,False,0.12418545307270412,-0.023902902993377134,0.3774618999711398,1.459489711399736
pilot_lr1e-04_target250\run_0,285,10046,10076,False,0.14425599046291843,0.020070537390214305,0.3900675216028767,1.046816810965538
pilot_lr1e-04_target250\run_0,286,10077,10111,False,0.14615288568394524,0.0018968952210268175,0.390240125145231,0.9775517144373485
pilot_lr1e-04_target250\run_0,287,10112,10147,False,0.13274231511685583,-0.013410570567089414,0.38065896100468105,0.8956828374001715
pilot_lr1e-04_target250\run_0,288,10148,10179,False,0.09438709425739944,-0.03835522085945639,0.3342868499457836,0.9415386952459812
pilot_lr1e-04_target250\run_0,289,10180,10216,False,0.12538409444528656,0.03099700018788712,0.37309493567492513,1.010380618475579
pilot_lr1e-04_target250\run_0,290,10217,10254,True,0.14047928703458687,0.01509519258930031,0.38317746159277466,1.273234190909486
pilot_lr1e-04_target250\run_0,291,10255,10289,False,0.14216889834829738,0.0016896113137105095,0.40012390443256923,1.4813383621828897
pilot_lr1e-04_target250\run_0,292,10290,10325,False,0.15281438351505333,0.010645485166755952,0.4057372742229038,1.3209712269405525
pilot_lr1e-04_target250\run_0,293,10326,10358,False,0.11803720360904028,-0.03477717990601305,0.37720320080265857,1.0479225182172023
pilot_lr1e-04_target250\run_0,294,10359,10392,False,0.14010043759994648,0.022063233990906192,0.39008765886811647,1.121852411505054
pilot_lr1e-04_target250\run_0,295,10393,10426,False,0.1304468991344466,-0.009653538465499878,0.37963022992891426,0.9903929075774025
pilot_lr1e-04_target250\run_0,296,10427,10467,False,0.10671692296135717,-0.02372997617308943,0.3631308078765869,0.9192151307332806
pilot_lr1e-04_target250\run_0,297,10468,10500,False,0.1263831780489647,0.01966625508760754,0.36954151274579944,0.927082745866342
pilot_lr1e-04_target250\run_0,298,10501,10532,True,0.141586052486673,0.015202874437708291,0.39592243637889624,1.5121371154673398
pilot_lr1e-04_target250\run_0,299,10533,10568,False,0.13558034867876106,-0.006005703807911933,0.3832601424720552,0.8980224252574973
pilot_lr1e-04_target250\run_0,300,10569,10599,False,0.13106876455487743,-0.0045115841238836385,0.38346780692377397,1.06826054088531
pilot_lr1e-04_target250\run_0,301,10600,10633,False,0.12701105830423973,-0.004057706250637699,0.3801754362442914,1.1841092916095959
pilot_lr1e-04_target250\run_0,302,10634,10670,False,0.11823401288003535,-0.008777045424204377,0.3677511215209961,1.0988184636509097
pilot_lr1e-04_target250\run_0,303,10671,10705,False,0.13182473640356746,0.013590723523532106,0.3857958734035492,1.0724348042692458
pilot_lr1e-04_target250\run_0,304,10706,10736,False,0.16648580566529306,0.0346610692617256,0.4186604109502608,1.5432431524799717
pilot_lr1e-04_target250\run_0,305,10737,10770,True,0.13665370928014026,-0.0298320963851528,0.38933612230946035,2.078811641125118
pilot_lr1e-04_target250\run_0,306,10771,10808,False,0.16122618905807795,0.024572479777937695,0.4178202207151212,1.2447923119915159
pilot_lr1e-04_target250\run_0,307,10809,10842,False,0.14755700649145773,-0.013669182566620225,0.3976184252430411,1.0284626256017124
pilot_lr1e-04_target250\run_0,308,10843,10876,False,0.12549812752096093,-0.022058878970496798,0.3816462860387914,1.74496628344059
pilot_lr1e-04_target250\run_0,309,10877,10909,False,0.14845958498842787,0.022961457467466945,0.4006633189591495,1.4020355176745039
pilot_lr1e-04_target250\run_0,310,10910,10944,False,0.14348194301128386,-0.0049776419771440095,0.394049460547311,1.0246577067034586
pilot_lr1e-04_target250\run_0,311,10945,10976,False,0.12795732484664768,-0.015524618164636184,0.3825010731816292,0.9774188213050365
pilot_lr1e-04_target250\run_0,312,10977,11007,True,0.14606390484879095,0.01810658000214327,0.39381526843194037,1.3708642293368616
pilot_lr1e-04_target250\run_0,313,11008,11039,False,0.15022603212855756,0.004162127279766614,0.4082739446312189,1.7115809610113502
pilot_lr1e-04_target250\run_0,314,11040,11070,False,0.1633049923806421,0.013078960252084548,0.4201726221269177,1.1065137751640812
pilot_lr1e-04_target250\run_0,315,11071,11101,False,0.13920441101635656,-0.024100581364285556,0.39725315666967825,1.030997334949432
pilot_lr1e-04_target250\run_0,316,11102,11136,False,0.1354920909873077,-0.0037123200290488656,0.3946687698364258,1.4261561623641423
pilot_lr1e-04_target250\run_0,317,11137,11170,False,0.12048446814365246,-0.015007622843655227,0.375768665005179,1.2091282685013378
pilot_lr1e-04_target250\run_0,318,11171,11205,False,0.1564028362078326,0.03591836806418014,0.4056158951350621,1.0195054641791752
pilot_lr1e-04_target250\run_0,319,11206,11234,False,0.1427501287182857,-0.01365270748954689,0.39321661201016656,1.0008184509030704
pilot_lr1e-04_target250\run_0,320,11235,11268,True,0.12007640061133049,-0.022673728106955227,0.37071603448951945,1.8188734146602012
pilot_lr3e-04_target1000\run_0,14,52,112,False,0.008889723765724873,-0.004879593013469052,0.051951352079383666,0.032970486666824
pilot_lr3e-04_target1000\run_0,15,113,159,False,0.010559367489049886,0.001669643723325013,0.051480356960537585,0.03522830910267348
pilot_lr3e-04_target1000\run_0,16,160,206,False,0.012603148136862573,0.0020437806478126874,0.06422463737111142,0.034162643167408226
pilot_lr3e-04_target1000\run_0,17,207,261,False,0.016358327653936366,0.0037551795170737926,0.0814511621540243,0.03941992394287478
pilot_lr3e-04_target1000\run_0,18,262,306,False,0.017462388317411145,0.001104060663474779,0.08686184138059616,0.0482014278570811
pilot_lr3e-04_target1000\run_0,19,307,365,False,0.018588266951047767,0.0011258786336366226,0.08954899688645945,0.04750559455320492
pilot_lr3e-04_target1000\run_0,20,366,409,False,0.02097168617712503,0.0023834192260772623,0.10081860829483379,0.05161036982793699
pilot_lr3e-04_target1000\run_0,21,410,451,False,0.019708405160123392,-0.0012632810170016377,0.0974686202548799,0.04165911364058653
pilot_lr3e-04_target1000\run_0,22,452,496,False,0.02171377456850476,0.002005369408381367,0.1039126338230239,0.04629770529766877
pilot_lr3e-04_target1000\run_0,23,497,536,False,0.02193928963970393,0.0002255150711991706,0.10632493793964386,0.056025043269619344
pilot_lr3e-04_target1000\run_0,24,537,575,False,0.02421648855297229,0.0022771989132683614,0.11866936603417763,0.05784053250383108
pilot_lr3e-04_target1000\run_0,25,576,624,False,0.02324986596572764,-0.0009666225872446491,0.11229920858631329,0.046766329366637736
pilot_lr3e-04_target1000\run_0,26,625,659,False,0.023759323092443604,0.000509457126715962,0.11729562303849629,0.05218559743038246
pilot_lr3e-04_target1000\run_0,27,660,711,False,0.026864349107759502,0.003105026015315898,0.12443800843678988,0.06067015717809017
pilot_lr3e-04_target1000\run_0,28,712,754,False,0.028415251674866953,0.0015509025671074511,0.13452612366094147,0.059290591843946035
pilot_lr3e-04_target1000\run_0,29,755,795,False,0.028070661489193034,-0.00034459018567391947,0.13341873266348026,0.060854853562465526
pilot_lr3e-04_target1000\run_0,30,796,835,False,0.02726192236877978,-0.000808739120413255,0.13062327392399312,0.056207389826886354
pilot_lr3e-04_target1000\run_0,31,836,880,False,0.031485615091191396,0.004223692722411618,0.14525028831428952,0.061689207206169765
pilot_lr3e-04_target1000\run_0,32,881,917,False,0.029145486602509343,-0.0023401284886820535,0.13888211427508174,0.06152757629752159
pilot_lr3e-04_target1000\run_0,33,918,958,False,0.030257362872362137,0.0011118762698527941,0.14455398753648852,0.06024776962472171
pilot_lr3e-04_target1000\run_0,34,959,997,False,0.031250736700036585,0.0009933738276744486,0.14746885498364767,0.054307056041673206
pilot_lr3e-04_target1000\run_0,35,998,1050,True,0.04130742888686792,0.010056692186831334,0.19868401086555337,0.12939557833772786
pilot_lr3e-04_target1000\run_0,36,1051,1088,False,0.03562590220060788,-0.005681526686260041,0.16774508729577065,0.07623445982799719
pilot_lr3e-04_target1000\run_0,37,1089,1129,False,0.03610355048099669,0.0004776482803888135,0.16990598818150962,0.07144735017564238
pilot_lr3e-04_target1000\run_0,38,1130,1166,False,0.03703912342520985,0.0009355729442131547,0.1726930828110592,0.07122505919353382
pilot_lr3e-04_target1000\run_0,39,1167,1235,False,0.03689583879558073,-0.00014328462962912014,0.17420350598252338,0.08279509835647068
pilot_lr3e-04_target1000\run_0,40,1236,1276,False,0.03627967852644804,-0.0006161602691326859,0.17093040412519037,0.07233257173764997
pilot_lr3e-04_target1000\run_0,41,1277,1316,False,0.035718168737366794,-0.0005615097890812465,0.16820502541959287,0.07774592759087681
pilot_lr3e-04_target1000\run_0,42,1317,1356,False,0.035410973476246,-0.0003071952611207948,0.1690677048638463,0.07400586302392184
pilot_lr3e-04_target1000\run_0,43,1357,1395,False,0.03824821281700562,0.0028372393407596203,0.1752297628002289,0.07503436410274261
pilot_lr3e-04_target1000\run_0,44,1396,1436,False,0.03939356568564729,0.0011453528686416678,0.18214376216254582,0.08428165198462766
pilot_lr3e-04_target1000\run_0,45,1437,1478,False,0.04008355213417893,0.0006899864485316459,0.1846118445197741,0.07591000203752801
pilot_lr3e-04_target1000\run_0,46,1479,1516,False,0.04219467045837327,0.00211111832419434,0.1932358953513597,0.08635357032088857
pilot_lr3e-04_target1000\run_0,47,1517,1553,False,0.04120827566932987,-0.0009863947890434016,0.19324551724098823,0.08823076766487714
pilot_lr3e-04_target1000\run_0,48,1554,1587,False,0.04139536569881089,0.00018709002948101572,0.19034254901549397,0.09255882823730216
pilot_lr3e-04_target1000\run_0,49,1588,1632,False,0.039384933271341856,-0.002010432427469032,0.18445917434162565,0.07862649390267001
pilot_lr3e-04_target1000\run_0,50,1633,1668,False,0.04014606918725702,0.0007611359159151662,0.18811783898207876,0.07301414670008752
pilot_lr3e-04_target1000\run_0,51,1669,1708,False,0.04116228236816823,0.0010162131809112115,0.1904125114902854,0.07093347255140543
pilot_lr3e-04_target1000\run_0,52,1709,1745,False,0.041182712525934785,2.043015776655166e-05,0.18961637809469895,0.08130076104724729
pilot_lr3e-04_target1000\run_0,53,1746,1781,False,0.04252155844329132,0.0013388459173565362,0.1949138223297066,0.07544066203344199
pilot_lr3e-04_target1000\run_0,54,1782,1825,False,0.04223955181342634,-0.00028200662986498093,0.19439508461139418,0.08474908489733934
pilot_lr3e-04_target1000\run_0,55,1826,1869,False,0.042198986153710975,-4.056565971536502e-05,0.19486928595737976,0.09644637625156478
pilot_lr3e-04_target1000\run_0,56,1870,1903,False,0.04031421950853923,-0.0018847666451717454,0.18935684114694595,0.08024318768259357
pilot_lr3e-04_target1000\run_0,57,1904,1944,False,0.0431523810072643,0.002838161498725067,0.20009649490437856,0.08168652326595492
pilot_lr3e-04_target1000\run_0,58,1945,1979,False,0.042555276251264984,-0.0005971047559993128,0.19766652967248644,0.07847004878733839
pilot_lr3e-04_target1000\run_0,59,1980,2014,True,0.05817448390381677,0.015619207652551786,0.2437496027776173,0.17850822934082577
pilot_lr3e-04_target1000\run_0,60,2015,2061,False,0.050452145807286526,-0.007722338096530244,0.24686500239879527,0.1369384141995552
pilot_lr3e-04_target1000\run_0,61,2062,2099,False,0.047876463712830296,-0.0025756820944562303,0.22611383780052788,0.11585632378333494
pilot_lr3e-04_target1000\run_0,62,2100,2139,False,0.04768379405140877,-0.00019266966142152814,0.2218118067830801,0.09650921644642949
pilot_lr3e-04_target1000\run_0,63,2140,2172,False,0.049376690139373146,0.0016928960879643781,0.2255598031210177,0.10611042628685634
pilot_lr3e-04_target1000\run_0,64,2173,2210,False,0.04533916133406915,-0.004037528805303996,0.2112569322711543,0.11045094834346521
pilot_lr3e-04_target1000\run_0,65,2211,2254,False,0.04715310951525515,0.0018139481811859995,0.2187045206400481,0.10103539639914577
pilot_lr3e-04_target1000\run_0,66,2255,2290,False,0.04609111660263605,-0.001061992912619103,0.21404319422112572,0.11812921561714676
pilot_lr3e-04_target1000\run_0,67,2291,2323,False,0.04701635591459997,0.0009252393119639213,0.21398715855497302,0.09588739930680304
pilot_lr3e-04_target1000\run_0,68,2324,2361,False,0.049403749700439606,0.002387393785839638,0.22303817068275653,0.11305878419232995
pilot_lr3e-04_target1000\run_0,69,2362,2400,False,0.04593488306571276,-0.0034688666347268485,0.2159173954755832,0.09171810598136523
pilot_lr3e-04_target1000\run_0,70,2401,2449,False,0.04732460308135772,0.0013897200156449616,0.21991423015691797,0.10888838585542172
pilot_lr3e-04_target1000\run_0,71,2450,2493,False,0.049849024804478344,0.002524421723120625,0.22623188454996457,0.11965482199395244
pilot_lr3e-04_target1000\run_0,72,2494,2532,False,0.05095899191040259,0.001109967105924245,0.23436674361045545,0.12687700977310157
pilot_lr3e-04_target1000\run_0,73,2533,2582,False,0.04962637454271317,-0.0013326173676894218,0.22532301694154738,0.1195374945551157
pilot_lr3e-04_target1000\run_0,74,2583,2625,False,0.04869648077806761,-0.0009298937646455563,0.22167542715405308,0.10093167367889437
pilot_lr3e-04_target1000\run_0,75,2626,2670,False,0.046967822975582545,-0.001728657802485066,0.22087842027346294,0.12608715324766107
pilot_lr3e-04_target1000\run_0,76,2671,2709,False,0.04944330492080786,0.0024754819452253163,0.2283877241305816,0.12342566972932754
pilot_lr3e-04_target1000\run_0,77,2710,2749,False,0.050675790570676324,0.001232485649868463,0.23116338364779948,0.12653334732167423
pilot_lr3e-04_target1000\run_0,78,2750,2787,False,0.05033758184627483,-0.0003382087244014967,0.2273305266311294,0.12835914425944028
pilot_lr3e-04_target1000\run_0,79,2788,2832,False,0.05201861502395736,0.0016810331776825338,0.24081588420603012,0.1239054030014409
pilot_lr3e-04_target1000\run_0,80,2833,2871,False,0.0500933068494002,-0.001925308174557161,0.2318184964167766,0.11886667135434273
pilot_lr3e-04_target1000\run_0,81,2872,2905,False,0.050782198415083045,0.0006888915656828448,0.2344209183664883,0.1032889084342648
pilot_lr3e-04_target1000\run_0,82,2906,2946,False,0.05215779192200521,0.0013755935069221653,0.23763750711592233,0.127479736761349
pilot_lr3e-04_target1000\run_0,83,2947,2987,False,0.050888556987047195,-0.0012692349349580148,0.23487769139976036,0.13236293033128832
pilot_lr3e-04_target1000\run_0,84,2988,3027,True,0.06512296572327614,0.014234408736228943,0.2711887415498495,0.2700511356815696
pilot_lr3e-04_target1000\run_0,85,3028,3063,False,0.05566053816841708,-0.009462427554859057,0.2455042509569062,0.19689552165153953
pilot_lr3e-04_target1000\run_0,86,3064,3096,False,0.05326658837271459,-0.0023939497957024894,0.23876569939382147,0.11735730866591136
pilot_lr3e-04_target1000\run_0,87,3097,3136,False,0.05362393045797944,0.00035734208526484734,0.24690520837903024,0.14578944398090243
pilot_lr3e-04_target1000\run_0,88,3137,3173,False,0.05213537731686154,-0.0014885531411178987,0.23699707195565506,0.1478638787930076
pilot_lr3e-04_target1000\run_0,89,3174,3212,False,0.05194568729553467,-0.00018969002132687013,0.24262463587981004,0.1345110458250229
pilot_lr3e-04_target1000\run_0,90,3213,3254,False,0.054180331262094636,0.0022346439665599654,0.24638288574559347,0.11949725981269564
pilot_lr3e-04_target1000\run_0,91,3255,3290,False,0.053210923448204994,-0.0009694078138896417,0.24346501297420925,0.14096371177583933
pilot_lr3e-04_target1000\run_0,92,3291,3327,False,0.05324644283265681,3.551938445181535e-05,0.2416057969267304,0.15515829048849442
pilot_lr3e-04_target1000\run_0,93,3328,3364,False,0.05632278605087383,0.003076343218217023,0.2526819911357519,0.14475570437875954
pilot_lr3e-04_target1000\run_0,94,3365,3401,False,0.05232541454402176,-0.003997371506852074,0.23943518424356305,0.15239397597474022
pilot_lr3e-04_target1000\run_0,95,3402,3439,False,0.05425168720907286,0.0019262726650511042,0.24612952180598913,0.13251898055405995
pilot_lr3e-04_target1000\run_0,96,3440,3485,False,0.05368644306841104,-0.0005652441406618219,0.24481380406929099,0.16636406682917607
pilot_lr3e-04_target1000\run_0,97,3486,3527,False,0.05266071394795463,-0.0010257291204564117,0.23735105175347554,0.1285073979802075
pilot_lr3e-04_target1000\run_0,98,3528,3566,False,0.05602923790231729,0.0033685239543626636,0.25506503115861845,0.15511555329729348
pilot_lr3e-04_target1000\run_0,99,3567,3600,False,0.05280200282440466,-0.0032272350779126296,0.2432479705004131,0.15602677435997656
pilot_lr3e-04_target1000\run_0,100,3601,3639,False,0.056198894404447995,0.003396891580043332,0.25584212518655336,0.16693349956319883
pilot_lr3e-04_target1000\run_0,101,3640,3675,False,0.05680823646899727,0.0006093420645492745,0.25529327657487655,0.1625528091357814
pilot_lr3e-04_target1000\run_0,102,3676,3717,False,0.054955450019666126,-0.0018527864493311438,0.25244822956266855,0.15346236677751654
pilot_lr3e-04_target1000\run_0,103,3718,3755,False,0.0560250701872926,0.0010696201676264755,0.2538534406768648,0.14806107343419603
pilot_lr3e-04_target1000\run_0,104,3756,3795,False,0.055791393760591744,-0.0002336764267008573,0.25456899479031564,0.16755110062658787
pilot_lr3e-04_target1000\run_0,105,3796,3837,False,0.056315033918335325,0.0005236401577435809,0.2561324629045668,0.16606466112924473
pilot_lr3e-04_target1000\run_0,106,3838,3877,False,0.054456453770399094,-0.0018585801479362313,0.2476720828562975,0.17361095482483507
pilot_lr3e-04_target1000\run_0,107,3878,3915,False,0.05298050228310259,-0.0014759514872965049,0.24280210623615667,0.15588495419605783
pilot_lr3e-04_target1000\run_0,108,3916,3957,False,0.05470595899082366,0.0017254567077210695,0.2470240443944931,0.1585682997746127
pilot_lr3e-04_target1000\run_0,109,3958,3992,False,0.05650128477386066,0.0017953257830370037,0.25703186648232595,0.1224773003586701
pilot_lr3e-04_target1000\run_0,110,3993,4031,True,0.06957458408597188,0.013073299312111215,0.2959612577389448,0.3801897465227506
pilot_lr3e-04_target1000\run_0,111,4032,4069,False,0.058427424219093825,-0.011147159866878052,0.27378843450232554,0.19947365789037003
pilot_lr3e-04_target1000\run_0,112,4070,4105,False,0.05692802835255861,-0.0014993958665352122,0.2627970518337356,0.1705342639858524
pilot_lr3e-04_target1000\run_0,113,4106,4138,False,0.056713413898691986,-0.0002146144538666267,0.25757775297670654,0.18876664227608478
pilot_lr3e-04_target1000\run_0,114,4139,4177,False,0.05941351541341879,0.002700101514726806,0.26835509294118637,0.20875629381491587
pilot_lr3e-04_target1000\run_0,115,4178,4218,False,0.059426157303699635,1.2641890280842838e-05,0.2649664191938028,0.18634710560848072
pilot_lr3e-04_target1000\run_0,116,4219,4251,False,0.05658530353596716,-0.002840853767732472,0.2592809782786803,0.15323609745863712
pilot_lr3e-04_target1000\run_0,117,4252,4283,False,0.0600460876012221,0.003460784065254935,0.26634911308065057,0.20668813108932227
pilot_lr3e-04_target1000\run_0,118,4284,4320,False,0.055794125070443026,-0.0042519625307790715,0.25445361234046315,0.16702081887303172
pilot_lr3e-04_target1000\run_0,119,4321,4357,False,0.0585238077753299,0.002729682704886875,0.26318999319463166,0.19428872286870674
pilot_lr3e-04_target1000\run_0,120,4358,4395,False,0.05924371737790735,0.000719909602577451,0.2687489825643991,0.17249709191290954
pilot_lr3e-04_target1000\run_0,121,4396,4427,False,0.06311574252322316,0.003872025145315809,0.27784462040290236,0.2293214142555371
pilot_lr3e-04_target1000\run_0,122,4428,4459,False,0.05867510579992086,-0.004440636723302305,0.2641145591624081,0.2207550301682204
pilot_lr3e-04_target1000\run_0,123,4460,4493,False,0.060960143037578636,0.002285037237657779,0.26821117891984825,0.1538016276762766
pilot_lr3e-04_target1000\run_0,124,4494,4525,False,0.05933649779763073,-0.0016236452399479087,0.2684743911959231,0.16424779454246163
pilot_lr3e-04_target1000\run_0,125,4526,4561,False,0.06118011557393604,0.0018436177763053105,0.2713593836459849,0.21261852213905919
pilot_lr3e-04_target1000\run_0,126,4562,4593,False,0.060333686764352024,-0.0008464288095840142,0.26711883675307035,0.18362356047146022
pilot_lr3e-04_target1000\run_0,127,4594,4631,False,0.060747161017436734,0.0004134742530847099,0.2696817254549579,0.22380621241111504
pilot_lr3e-04_target1000\run_0,128,4632,4662,False,0.062478510602828,0.0017313495853912633,0.2793707328457986,0.19827081743747957
pilot_lr3e-04_target1000\run_0,129,4663,4694,False,0.06084779533557594,-0.0016307152672520586,0.27502391347661614,0.18364612432196736
pilot_lr3e-04_target1000\run_0,130,4695,4730,False,0.05954891091419591,-0.0012988844213800282,0.2690408569243219,0.2080985855104195
pilot_lr3e-04_target1000\run_0,131,4731,4768,False,0.05999215241325529,0.0004432414990593811,0.2700187007063313,0.21210738810661592
pilot_lr3e-04_target1000\run_0,132,4769,4802,False,0.059777491561630196,-0.0002146608516250953,0.267669298193034,0.1530527156942031
pilot_lr3e-04_target1000\run_0,133,4803,4838,False,0.06204854707337088,0.0022710555117406855,0.2774737671845489,0.22859480697661638
pilot_lr3e-04_target1000\run_0,134,4839,4876,False,0.0644751918551169,0.0024266447817460138,0.29037416020506307,0.17314034592556327
pilot_lr3e-04_target1000\run_0,135,4877,4914,False,0.06483752956908,0.0003623377139631012,0.2885054859675859,0.176240012049675
pilot_lr3e-04_target1000\run_0,136,4915,4947,False,0.06444057032014384,-0.00039695924893615175,0.2862867387858304,0.23242212109493487
pilot_lr3e-04_target1000\run_0,137,4948,4983,False,0.06286995485424995,-0.0015706154658938903,0.2824290862513913,0.1749914920785361
pilot_lr3e-04_target1000\run_0,138,4984,5018,True,0.07359081794108663,0.010720863086836674,0.30249053708144596,0.40872490970151765
pilot_lr3e-04_target1000\run_0,139,5019,5048,False,0.07017791606485843,-0.003412901876228197,0.28874029765526454,0.3497948161015908
pilot_lr3e-04_target1000\run_0,140,5049,5087,False,0.06451767730789307,-0.005660238756965363,0.27985824988438535,0.22407974474705183
pilot_lr3e-04_target1000\run_0,141,5088,5122,False,0.06085138384784971,-0.0036662934600433586,0.27608649560383386,0.21221008098551206
pilot_lr3e-04_target1000\run_0,142,5123,5158,False,0.062091632642679744,0.0012402487948300345,0.2730172582798534,0.22194919486840567
pilot_lr3e-04_target1000\run_0,143,5159,5194,False,0.061011723035739526,-0.0010799096069402173,0.27104391902685165,0.2363114673126903
pilot_lr3e-04_target1000\run_0,144,5195,5232,False,0.06147573525576215,0.0004640122200226249,0.27066496485158015,0.19485632467426753
pilot_lr3e-04_target1000\run_0,145,5233,5266,False,0.06438851783819058,0.0029127825824284276,0.2828987170668209,0.26746905277318817
pilot_lr3e-04_target1000\run_0,146,5267,5300,False,0.06526530512115535,0.0008767872829647666,0.281782609574935,0.22509220264413776
pilot_lr3e-04_target1000\run_0,147,5301,5334,False,0.06723151465549189,0.0019662095343365438,0.28689050279995976,0.24653549459488952
pilot_lr3e-04_target1000\run_0,148,5335,5367,False,0.06373642949443875,-0.003495085161053138,0.27492151206189935,0.22110874996040808
pilot_lr3e-04_target1000\run_0,149,5368,5399,False,0.0641010336112231,0.00036460411678435056,0.2864333991892636,0.2526663040043786
pilot_lr3e-04_target1000\run_0,150,5400,5435,False,0.06485942306203975,0.0007583894508166461,0.2790850144293573,0.21805446998526654
pilot_lr3e-04_target1000\run_0,151,5436,5472,False,0.06482705010755642,-3.237295448332844e-05,0.28255665705010696,0.24314971701116175
pilot_lr3e-04_target1000\run_0,152,5473,5508,False,0.06768633125142919,0.002859281143872766,0.2902069820298089,0.2233322432471646
pilot_lr3e-04_target1000\run_0,153,5509,5541,False,0.06498730081048879,-0.0026990304409404003,0.28436998345635156,0.19871343672275543
pilot_lr3e-04_target1000\run_0,154,5542,5576,False,0.06385979407599994,-0.001127506734488845,0.28068089740616936,0.21389115346329554
pilot_lr3e-04_target1000\run_0,155,5577,5612,False,0.06551761935568517,0.001657825279685235,0.28841089747018284,0.2572592267145713
pilot_lr3e-04_target1000\run_0,156,5613,5639,False,0.06669463976113885,0.0011770204054536715,0.29299630997357545,0.2744980033625055
pilot_lr3e-04_target1000\run_0,157,5640,5676,False,0.06471943351868037,-0.001975206242458477,0.2812253293153402,0.2345307302233335
pilot_lr3e-04_target1000\run_0,158,5677,5708,False,0.06723369110841304,0.0025142575897326713,0.2844843496568501,0.21391344210132957
pilot_lr3e-04_target1000\run_0,159,5709,5746,False,0.06311708757359731,-0.00411660353481573,0.2819535128380123,0.27550303092912626
pilot_lr3e-04_target1000\run_0,160,5747,5779,False,0.06436387810743216,0.001246790533834849,0.2796216986396096,0.22704378300995537
pilot_lr3e-04_target1000\run_0,161,5780,5815,False,0.06656052855153878,0.002196650444106621,0.28715169843700195,0.2252816811410917
pilot_lr3e-04_target1000\run_0,162,5816,5849,False,0.06874085064320003,0.0021803220916612465,0.2985990345478058,0.24962715662139304
pilot_lr3e-04_target1000\run_0,163,5850,5883,False,0.06676607206463814,-0.0019747785785618893,0.2913855634191457,0.2971801685498041
pilot_lr3e-04_target1000\run_0,164,5884,5914,False,0.06393788298291544,-0.002828189081722693,0.2825237464520239,0.2211425261151406
pilot_lr3e-04_target1000\run_0,165,5915,5947,False,0.06944442088856842,0.005506537905652975,0.296801462317958,0.2546202363164136
pilot_lr3e-04_target1000\run_0,166,5948,5983,False,0.0679498811562856,-0.0014945397322828208,0.2946164392762714,0.19834773904747433
pilot_lr3e-04_target1000\run_0,167,5984,6017,True,0.07795197691987543,0.010002095763589833,0.3189447723767337,0.4867538660764694
pilot_lr3e-04_target1000\run_0,168,6018,6050,False,0.07267686893994157,-0.005275107979933857,0.31231459884932544,0.29641378016182873
pilot_lr3e-04_target1000\run_0,169,6051,6078,False,0.07126953000468868,-0.001407338935252897,0.3010757097176143,0.27461359543459757
pilot_lr3e-04_target1000\run_0,170,6079,6113,False,0.06559340442929949,-0.005676125575389185,0.28736629911831446,0.24542797399418695
pilot_lr3e-04_target1000\run_0,171,6114,6150,False,0.07126126498789401,0.005667860558594515,0.3043384624494089,0.2885709080744434
pilot_lr3e-04_target1000\run_0,172,6151,6187,False,0.07089944254304911,-0.0003618224448448948,0.29927439705745595,0.25624902697431073
pilot_lr3e-04_target1000\run_0,173,6188,6219,False,0.0691976547241211,-0.001701787818928019,0.2936682319268584,0.22511094331275672
pilot_lr3e-04_target1000\run_0,174,6220,6250,False,0.06827053992498305,-0.0009271147991380402,0.2910311798895559,0.24687875254500297
pilot_lr3e-04_target1000\run_0,175,6251,6282,False,0.06912860949523747,0.0008580695702544161,0.2950759152881801,0.2523325289366767
pilot_lr3e-04_target1000\run_0,176,6283,6320,False,0.07017058761496293,0.0010419781197254646,0.3048850548894782,0.30398824536486674
pilot_lr3e-04_target1000\run_0,177,6321,6354,False,0.07553414353991256,0.005363555924949623,0.3121640835614765,0.285588807262042
pilot_lr3e-04_target1000\run_0,178,6355,6387,False,0.07443158012447935,-0.0011025634154332026,0.3126073046164079,0.24155321751128545
pilot_lr3e-04_target1000\run_0,179,6388,6420,False,0.07264879323316342,-0.0017827868913159323,0.3123132180083882,0.24272540753537958
pilot_lr3e-04_target1000\run_0,180,6421,6453,False,0.06720318159822261,-0.005445611634940811,0.2926121272824027,0.25366319049939967
pilot_lr3e-04_target1000\run_0,181,6454,6490,False,0.06565840542316437,-0.0015447761750582434,0.28843539751864766,0.28951456115857976
pilot_lr3e-04_target1000\run_0,182,6491,6528,False,0.0682870002561494,0.002628594832985026,0.2938815233738799,0.2905512479575057
pilot_lr3e-04_target1000\run_0,183,6529,6562,False,0.06770015168277656,-0.0005868485733728362,0.29190586112877903,0.2688671076560722
pilot_lr3e-04_target1000\run_0,184,6563,6600,False,0.06968908992252852,0.001988938239751964,0.29346520649759394,0.2774859368801117
pilot_lr3e-04_target1000\run_0,185,6601,6631,False,0.06962119439436544,-6.789552816308109e-05,0.29933250911774173,0.2575798579041035
pilot_lr3e-04_target1000\run_0,186,6632,6662,False,0.07214329271547255,0.0025220983211071135,0.2980945437185226,0.32179452466868586
pilot_lr3e-04_target1000\run_0,187,6663,6694,False,0.0681398663436994,-0.004003426371773158,0.2943855272606015,0.21129600028507411
pilot_lr3e-04_target1000\run_0,188,6695,6725,False,0.07082102279509267,0.002681156451393274,0.29956772875401283,0.2153215510470252
pilot_lr3e-04_target1000\run_0,189,6726,6762,False,0.07016782996219557,-0.0006531928328970954,0.2966890182044055,0.24100358794267113
pilot_lr3e-04_target1000\run_0,190,6763,6799,False,0.071306973695755,0.0011391437335594307,0.302542213652585,0.23081499589858828
pilot_lr3e-04_target1000\run_0,191,6800,6830,False,0.06638821815290759,-0.004918755542847417,0.2931533484689651,0.2724137558571754
pilot_lr3e-04_target1000\run_0,192,6831,6866,False,0.074951170426276,0.00856295227336841,0.31752556065718335,0.24486802435583538
pilot_lr3e-04_target1000\run_0,193,6867,6898,False,0.0705464135389775,-0.004404756887298494,0.3013239367865026,0.20207530912011862
pilot_lr3e-04_target1000\run_0,194,6899,6928,False,0.06934565256039302,-0.0012007609785844864,0.30046044538418454,0.27440747047464054
pilot_lr3e-04_target1000\run_0,195,6929,6960,False,0.07144348521251231,0.002097832652119297,0.3053441075608134,0.31159244501031935
pilot_lr3e-04_target1000\run_0,196,6961,6995,False,0.07284381219318935,0.001400326980677033,0.30282329150608606,0.27948337527258055
pilot_lr3e-04_target1000\run_0,197,6996,7030,True,0.08293147385120392,0.010087661658014571,0.3194910394293921,0.5350906599845205
pilot_lr3e-04_target1000\run_0,198,7031,7064,False,0.07402769772007185,-0.008903776131132066,0.3108423203229904,0.35596576278262276
pilot_lr3e-04_target1000\run_0,199,7065,7099,False,0.07287004888057709,-0.0011576488394947626,0.30235518727983746,0.3184389591217041
pilot_lr3e-04_target1000\run_0,200,7100,7136,False,0.07400362294267963,0.0011335740621025436,0.3025185377211184,0.26388662076882413
pilot_lr3e-04_target1000\run_0,201,7137,7164,False,0.07437718021018165,0.0003735572675020171,0.3063126855662891,0.3124800845980644
pilot_lr3e-04_target1000\run_0,202,7165,7198,False,0.0675691276350442,-0.0068080525751374465,0.29512122974676247,0.29858617922839
pilot_lr3e-04_target1000\run_0,203,7199,7228,False,0.06937975759307544,0.0018106299580312318,0.29851763546466825,0.3249544349809488
pilot_lr3e-04_target1000\run_0,204,7229,7262,False,0.08026958169306025,0.010889824099984818,0.3209521051715402,0.2891004867851734
pilot_lr3e-04_target1000\run_0,205,7263,7293,False,0.07332446390101986,-0.006945117792040392,0.3070248471152398,0.27454927383411315
pilot_lr3e-04_target1000\run_0,206,7294,7329,False,0.07398848038994604,0.0006640164889261807,0.31002316458357704,0.3547728471457958
pilot_lr3e-04_target1000\run_0,207,7330,7364,False,0.07887300455144473,0.004884524161498691,0.313590806722641,0.296772174430745
pilot_lr3e-04_target1000\run_0,208,7365,7396,False,0.07636164245195687,-0.0025113620994878655,0.3171153124421835,0.39776805113069713
pilot_lr3e-04_target1000\run_0,209,7397,7431,False,0.07310102943863188,-0.0032606130133249894,0.3009529505457197,0.3189530877130372
pilot_lr3e-04_target1000\run_0,210,7432,7464,False,0.07664732883373897,0.0035462993951070887,0.31237996256712713,0.32873073942733533
pilot_lr3e-04_target1000\run_0,211,7465,7497,False,0.0732603690615206,-0.0033869597722183675,0.3125576440132026,0.3497573672370477
pilot_lr3e-04_target1000\run_0,212,7498,7532,False,0.07873741665056773,0.005477047589047129,0.3205398112535477,0.2911743011857782
pilot_lr3e-04_target1000\run_0,213,7533,7564,False,0.07911531266290694,0.00037789601233921555,0.31859322683885694,0.35300277080386877
pilot_lr3e-04_target1000\run_0,214,7565,7595,False,0.0763460349652075,-0.0027692776976994404,0.3167648344270645,0.34632052252850226
pilot_lr3e-04_target1000\run_0,215,7596,7626,False,0.07982609613287833,0.003480061167670828,0.31482054389292197,0.2505604771356429
pilot_lr3e-04_target1000\run_0,216,7627,7659,False,0.07486507161097093,-0.004961024521907401,0.3089608712629838,0.27934330780849315
pilot_lr3e-04_target1000\run_0,217,7660,7691,False,0.07268552435562015,-0.002179547255350786,0.3079121084883809,0.3134443403687328
pilot_lr3e-04_target1000\run_0,218,7692,7725,False,0.07656434134525411,0.0038788169896339653,0.3080284130923888,0.25299878002089615
pilot_lr3e-04_target1000\run_0,219,7726,7757,False,0.07590962562244385,-0.0006547157228102563,0.311742746271193,0.27561191632412374
pilot_lr3e-04_target1000\run_0,220,7758,7795,False,0.06982242110136308,-0.006087204521080775,0.3001905338544595,0.23241202533245087
pilot_lr3e-04_target1000\run_0,221,7796,7826,False,0.07194282186608161,0.002120400764718533,0.30929911232763724,0.277774422880142
pilot_lr3e-04_target1000\run_0,222,7827,7863,False,0.07185645210179123,-8.636976429038379e-05,0.3076697475201375,0.29425036162137985
pilot_lr3e-04_target1000\run_0,223,7864,7897,False,0.07367386132040445,0.0018174092186132168,0.3111035885179744,0.24253598217140226
pilot_lr3e-04_target1000\run_0,224,7898,7932,False,0.07302374818495341,-0.0006501131354510331,0.30887751834733146,0.2740238318485873
pilot_lr3e-04_target1000\run_0,225,7933,7965,False,0.07612006908113306,0.003096320896179644,0.3103288439187137,0.33298567050334177
pilot_lr3e-04_target1000\run_0,226,7966,7993,False,0.07603758201003075,-8.248707110231068e-05,0.31264699889080866,0.30107959759022507
pilot_lr3e-04_target1000\run_0,227,7994,8031,True,0.08654955725528692,0.01051197524525617,0.34107005517733724,0.6676482636677591
pilot_lr3e-04_target1000\run_0,228,8032,8064,False,0.08278077253789613,-0.003768784717390783,0.3321844664486972,0.37811149882547784
pilot_lr3e-04_target1000\run_0,229,8065,8099,False,0.07738705437098231,-0.005393718166913822,0.3180691369942256,0.4056682812316077
pilot_lr3e-04_target1000\run_0,230,8100,8130,False,0.08328806656983591,0.005901012198853597,0.3296078433913569,0.29715426830995467
pilot_lr3e-04_target1000\run_0,231,8131,8163,False,0.07886298316897768,-0.004425083400858232,0.3253727609461004,0.3169989901961702
pilot_lr3e-04_target1000\run_0,232,8164,8200,False,0.07922164008424089,0.0003586569152632113,0.3219647794156461,0.35839624662657044
pilot_lr3e-04_target1000\run_0,233,8201,8234,False,0.07581588812172413,-0.0034057519625167593,0.31119417311514125,0.2975381299415055
pilot_lr3e-04_target1000\run_0,234,8235,8270,False,0.07918554399576452,0.003369655874040395,0.311261147674587,0.37533643158773583
pilot_lr3e-04_target1000\run_0,235,8271,8300,False,0.08056938983500003,0.001383845839235509,0.32572641770044963,0.23723883132139842
pilot_lr3e-04_target1000\run_0,236,8301,8334,False,0.07360611384844079,-0.006963275986559242,0.31192874031908374,0.2678795086548609
pilot_lr3e-04_target1000\run_0,237,8335,8365,False,0.08191300892541485,0.00830689507697406,0.3266581162329643,0.34249775388067766
pilot_lr3e-04_target1000\run_0,238,8366,8394,False,0.08300263999864974,0.001089631073234884,0.33139770709235095,0.4589512932660251
pilot_lr3e-04_target1000\run_0,239,8395,8434,False,0.07830982552841306,-0.0046928144702366725,0.3195974946022034,0.29977707751095295
pilot_lr3e-04_target1000\run_0,240,8435,8464,False,0.08282924282054106,0.004519417292128,0.3208607812722524,0.37756403908133507
pilot_lr3e-04_target1000\run_0,241,8465,8495,False,0.07926126569509506,-0.0035679771254460008,0.32676338764929,0.3795507422858669
pilot_lr3e-04_target1000\run_0,242,8496,8531,False,0.07638952084299591,-0.0028717448520991506,0.3195742973022991,0.3564151283353567
pilot_lr3e-04_target1000\run_0,243,8532,8566,False,0.08034545087388584,0.003955930030889926,0.3232973481927599,0.38697780924183983
pilot_lr3e-04_target1000\run_0,244,8567,8597,False,0.07912564962621658,-0.0012198012476692527,0.31776817287168196,0.3410234994465305
pilot_lr3e-04_target1000\run_0,245,8598,8626,False,0.08137691701794493,0.0022512673917283454,0.3249431149712924,0.3149693962828866
pilot_lr3e-04_target1000\run_0,246,8627,8661,False,0.08031775089246886,-0.0010591661254760742,0.32471702226570676,0.3922551741557462
pilot_lr3e-04_target1000\run_0,247,8662,8702,False,0.07533469950643981,-0.004983051386029044,0.3199716413893351,0.3421271099913411
pilot_lr3e-04_target1000\run_0,248,8703,8736,False,0.07018682777005084,-0.005147871736388976,0.30373778413323793,0.2969935489270617
pilot_lr3e-04_target1000\run_0,249,8737,8770,False,0.07573960590011933,0.005552778130068492,0.3176078349351883,0.3424663760644548
pilot_lr3e-04_target1000\run_0,250,8771,8806,False,0.07793523888621065,0.0021956329860913226,0.3079295791685581,0.30325572865290773
pilot_lr3e-04_target1000\run_0,251,8807,8841,False,0.08210458095584597,0.004169342069635318,0.3236826981816973,0.3009626744048936
pilot_lr3e-04_target1000\run_0,252,8842,8872,False,0.08395483645219956,0.0018502554963535922,0.3296372169448483,0.3563890167542042
pilot_lr3e-04_target1000\run_0,253,8873,8906,False,0.07688223395277471,-0.007072602499424846,0.3210742210640627,0.3048199114992338
pilot_lr3e-04_target1000\run_0,254,8907,8940,False,0.08319390247411587,0.006311668521341157,0.3393998163587907,0.32559305210323897
pilot_lr3e-04_target1000\run_0,255,8941,8977,False,0.08345578369256612,0.0002618812184502495,0.33294319542678624,0.3123777780581165
pilot_lr3e-04_target1000\run_0,256,8978,9010,True,0.08833829663468129,0.004882512942115169,0.343175316398794,0.6054596591627959
pilot_lr3e-04_target1000\run_0,257,9011,9046,False,0.08969876025285986,0.00136046361817857,0.32684145288334954,0.6270436069203748
pilot_lr3e-04_target1000\run_0,258,9047,9079,False,0.08380429751493713,-0.005894462737922726,0.3293988054448908,0.36200621949903894
pilot_lr3e-04_target1000\run_0,259,9080,9141,False,0.0795488387586609,-0.00425545875627624,0.32280782634212124,0.3082527843934874
pilot_lr3e-04_target1000\run_0,260,9142,9174,False,0.08749771648735712,0.007948877728696221,0.3363854614171115,0.3694398777954506
pilot_lr3e-04_target1000\run_0,261,9175,9210,False,0.07978129242029455,-0.007716424067062563,0.32431689070330727,0.40104462434020305
pilot_lr3e-04_target1000\run_0,262,9211,9244,False,0.08308279634836842,0.003301503928073865,0.32140451494385214,0.42588106553782434
pilot_lr3e-04_target1000\run_0,263,9245,9276,False,0.08614049584139138,0.0030576994930229667,0.33127637673169374,0.46042251121252775
pilot_lr3e-04_target1000\run_0,264,9277,9308,False,0.08089856116566807,-0.005241934675723314,0.3269149949774146,0.36875852034427226
pilot_lr3e-04_target1000\run_0,265,9309,9338,False,0.0859235222140948,0.005024961048426729,0.3323268234729767,0.362544351319472
pilot_lr3e-04_target1000\run_0,266,9339,9371,False,0.08453459202340155,-0.0013889301906932494,0.33048539360364276,0.3899647911841219
pilot_lr3e-04_target1000\run_0,267,9372,9405,False,0.09029465683681123,0.005760064813409682,0.3390317340107525,0.4548446099986048
pilot_lr3e-04_target1000\run_0,268,9406,9440,False,0.08864185661077499,-0.0016528002260362412,0.3323797455855778,0.42037699776036397
pilot_lr3e-04_target1000\run_0,269,9441,9471,False,0.08110054089657721,-0.007541315714197777,0.3293357010810606,0.32621252104159326
pilot_lr3e-04_target1000\run_0,270,9472,9502,False,0.07933230686091608,-0.0017682340356611342,0.3186478970512267,0.32478964737346094
pilot_lr3e-04_target1000\run_0,271,9503,9536,False,0.07748933213160318,-0.001842974729312899,0.3233468357254477,0.3708527419058716
pilot_lr3e-04_target1000\run_0,272,9537,9590,False,0.07942065092976447,0.0019313187981612884,0.3210745279987653,0.3978020588143004
pilot_lr3e-04_target1000\run_0,273,9591,9630,False,0.08817452611401677,0.008753875184252302,0.34129624590277674,0.44101002253592014
pilot_lr3e-04_target1000\run_0,274,9631,9666,False,0.0853228031968077,-0.0028517229172090736,0.3371680767999755,0.3924528251712521
pilot_lr3e-04_target1000\run_0,275,9667,9701,False,0.0837758074913706,-0.001546995705437093,0.33854085206985474,0.39870054402521676
pilot_lr3e-04_target1000\run_0,276,9702,9729,False,0.07645611824201685,-0.00731968924935375,0.31998838910034727,0.40459818871957914
pilot_lr3e-04_target1000\run_0,277,9730,9767,False,0.07842843165915263,0.0019723134171357737,0.32580035689630005,0.37058071890159655
pilot_lr3e-04_target1000\run_0,278,9768,9804,False,0.08599302676078435,0.007564595101631724,0.3329677267654522,0.3210193003351624
pilot_lr3e-04_target1000\run_0,279,9805,9833,False,0.07933016545299826,-0.006662861307786094,0.32254272185522936,0.4105541968140109
pilot_lr3e-04_target1000\run_0,280,9834,9866,False,0.08795794867204898,0.008627783219050722,0.3333200825886293,0.2686399435906699
pilot_lr3e-04_target1000\run_0,281,9867,9901,False,0.0822889996426446,-0.005668949029404374,0.3297397068568638,0.34768588936754635
pilot_lr3e-04_target1000\run_0,282,9902,9931,False,0.08318485741813977,0.000895857775495168,0.33439894318580626,0.3493787864844004
pilot_lr3e-04_target1000\run_0,283,9932,9963,False,0.07985895138699561,-0.00332590603114416,0.3254305124282837,0.32527259760536253
pilot_lr3e-04_target1000\run_0,284,9964,9992,False,0.08330954058930792,0.0034505892023123097,0.3328314742137646,0.37707300175880565
pilot_lr3e-04_target1000\run_0,285,9993,10024,True,0.09430025378242135,0.010990713193113427,0.35504338424652815,0.8406446697190404
pilot_lr3e-04_target1000\run_0,286,10025,10055,False,0.0849779601539335,-0.009322293628487854,0.34858862046272526,0.39824245629772065
pilot_lr3e-04_target1000\run_0,287,10056,10093,False,0.08533567160760101,0.0003577114536675169,0.34182322966425044,0.37807403602882433
pilot_lr3e-04_target1000\run_0,288,10094,10127,False,0.09127002406646223,0.005934352458861217,0.34296870932859536,0.40413737538106304
pilot_lr3e-04_target1000\run_0,289,10128,10187,False,0.08629567828029394,-0.004974345786168288,0.33972631643215817,0.3697573697194457
pilot_lr3e-04_target1000\run_0,290,10188,10223,False,0.08600429052280055,-0.0002913877574933915,0.3274097210831112,0.3657046425052815
pilot_lr3e-04_target1000\run_0,291,10224,10254,False,0.08482260040698512,-0.0011816901158154258,0.32929715994865666,0.30394751650671803
pilot_lr3e-04_target1000\run_0,292,10255,10283,False,0.08661817001371548,0.0017955696067303573,0.34375201936425837,0.41152903360539467
pilot_lr3e-04_target1000\run_0,293,10284,10320,False,0.07970420774575826,-0.006913962267957222,0.3289273212084899,0.468642234198145
pilot_lr3e-04_target1000\run_0,294,10321,10349,False,0.08109526785797086,0.0013910601122125998,0.32364810026925184,0.3820226025478593
pilot_lr3e-04_target1000\run_0,295,10350,10384,False,0.0828923228595938,0.0017970550016229436,0.32635738594191416,0.3075992722596441
pilot_lr3e-04_target1000\run_0,296,10385,10417,False,0.0804239290230202,-0.0024683938365736013,0.3247610330581665,0.3479093450940017
pilot_lr3e-04_target1000\run_0,297,10418,10448,False,0.09115868734736596,0.010734758324345756,0.34729705414464396,0.4117672854373532
pilot_lr3e-04_target1000\run_0,298,10449,10482,False,0.07809282499639426,-0.013065862350971694,0.3282756630112143,0.4158734328606549
pilot_lr3e-04_target1000\run_0,299,10483,10514,False,0.08535214711446315,0.007259322118068887,0.3320138333365321,0.431367201032117
pilot_lr3e-04_target1000\run_0,300,10515,10548,False,0.08848296686568681,0.0031308197512236596,0.34632834792137146,0.43127047402017255
pilot_lr3e-04_target1000\run_0,301,10549,10582,False,0.08506856464287814,-0.0034144022228086712,0.3306602187016431,0.31110986497472315
pilot_lr3e-04_target1000\run_0,302,10583,10615,False,0.08754794186714923,0.0024793772242710926,0.3328272375193509,0.3033332147381522
pilot_lr3e-04_target1000\run_0,303,10616,10649,False,0.08697771719273399,-0.00057022467441524,0.3335102362667813,0.4862777071402353
pilot_lr3e-04_target1000\run_0,304,10650,10687,False,0.08117489477521495,-0.005802822417519046,0.3331361216934104,0.44053375387662336
pilot_lr3e-04_target1000\run_0,305,10688,10720,False,0.07751108626976158,-0.0036638085054533642,0.32694658275806543,0.4124697324904529
pilot_lr3e-04_target1000\run_0,306,10721,10756,False,0.08672785314006938,0.0092167668703078,0.3324946363766988,0.42496970606346923
pilot_lr3e-04_target1000\run_0,307,10757,10793,False,0.08447863000470239,-0.00224922313536699,0.33542633942655614,0.3840762958736033
pilot_lr3e-04_target1000\run_0,308,10794,10827,False,0.0895313743282767,0.005052744323574304,0.34130631387233734,0.41010793583358035
pilot_lr3e-04_target1000\run_0,309,10828,10856,False,0.08325356090890951,-0.006277813419367187,0.33442877387178355,0.5110623952129791
pilot_lr3e-04_target1000\run_0,310,10857,10890,False,0.08641638299998115,0.003162822091071646,0.3445870850016089,0.37421631637741537
pilot_lr3e-04_target1000\run_0,311,10891,10926,False,0.09270878363814619,0.006292400638165038,0.3509358200762007,0.41228605641259086
pilot_lr3e-04_target1000\run_0,312,10927,10961,False,0.08632722582135882,-0.00638155781678737,0.3354286083153316,0.40792098875556676
pilot_lr3e-04_target1000\run_0,313,10962,11061,True,0.08996045965701342,0.0036332338356546007,0.33550724044442176,0.5211076843738556
pilot_lr3e-04_target1000\run_0,314,11062,11093,False,0.08963596844114363,-0.00032449121586979046,0.33178484067320824,0.4366675305645913
pilot_lr3e-04_target1000\run_0,315,11094,11124,False,0.07874506063038303,-0.010890907810760603,0.32703881686733616,0.4470500150515187
pilot_lr3e-04_target1000\run_0,316,11125,11159,False,0.09008369232927049,0.011338631698887464,0.3350029247147696,0.4107299483248166
pilot_lr3e-04_target1000\run_0,317,11160,11193,False,0.08859620670623639,-0.0014874856230341071,0.34506478993331685,0.41305915463496656
pilot_lr3e-04_target1000\run_0,318,11194,11227,False,0.09017499371924821,0.0015787870130118259,0.3446895304848166,0.39248814214678374
pilot_lr3e-04_target1000\run_0,319,11228,11262,False,0.08529275229998998,-0.004882241419258235,0.33786076818193705,0.35950769590479986
pilot_lr3e-04_target250\run_0,14,52,112,False,0.008889723765724873,-0.004879593013469052,0.051951352079383666,0.032970486666824
pilot_lr3e-04_target250\run_0,15,113,159,False,0.010559367489049886,0.001669643723325013,0.051480356960537585,0.03522830910267348
pilot_lr3e-04_target250\run_0,16,160,206,False,0.012603148136862573,0.0020437806478126874,0.06422463737111142,0.034162643167408226
pilot_lr3e-04_target250\run_0,17,207,261,True,0.02077897231687199,0.008175824180009417,0.10515670485117219,0.07821907551789825
pilot_lr3e-04_target250\run_0,18,262,319,False,0.021628458422191185,0.0008494861053191943,0.1205672165700074,0.06778910476714373
pilot_lr3e-04_target250\run_0,19,320,368,False,0.019369421640829165,-0.002259036781362019,0.0977557536442669,0.05312784696568032
pilot_lr3e-04_target250\run_0,20,369,408,False,0.022296776552684604,0.0029273549118554384,0.10509778847917914,0.05965702808462083
pilot_lr3e-04_target250\run_0,21,409,451,False,0.01995406577060389,-0.002342710782080714,0.09855889728249506,0.05456535630794459
pilot_lr3e-04_target250\run_0,22,452,495,False,0.02243361444297162,0.002479548672367729,0.10711102458563718,0.05613872017288073
pilot_lr3e-04_target250\run_0,23,496,535,True,0.02987872631056234,0.007445111867590722,0.15917290598154069,0.16115434877574444
pilot_lr3e-04_target250\run_0,24,536,574,False,0.02688392163373721,-0.002994804676825131,0.13278219256645593,0.10009314100711773
pilot_lr3e-04_target250\run_0,25,575,623,False,0.024598396079120587,-0.0022855255546166235,0.11920520541619281,0.07462652559791293
pilot_lr3e-04_target250\run_0,26,624,667,False,0.028571843063797463,0.003973446984676877,0.13459696552970193,0.07600743526762183
pilot_lr3e-04_target250\run_0,27,668,715,False,0.027965593656214576,-0.0006062494075828873,0.1338968064325551,0.08193008477489154
pilot_lr3e-04_target250\run_0,28,716,756,True,0.03293859502073468,0.004973001364520103,0.15426378133820323,0.14534579471843997
pilot_lr3e-04_target250\run_0,29,757,802,False,0.030634886726898992,-0.0023037082938356865,0.16059004013305125,0.1713750798498159
pilot_lr3e-04_target250\run_0,30,803,844,False,0.027971871552013215,-0.002663015174885777,0.13816320062393234,0.10392227054884036
pilot_lr3e-04_target250\run_0,31,845,884,False,0.03396613379009068,0.005994262238077468,0.15621500741690397,0.1434358052443713
pilot_lr3e-04_target250\run_0,32,885,926,False,0.0328800067571657,-0.0010861270329249814,0.1554341624890055,0.13449854856090887
pilot_lr3e-04_target250\run_0,33,927,966,False,0.03182629565708339,-0.0010537111000823093,0.14880029894411564,0.10751212849281729
pilot_lr3e-04_target250\run_0,34,967,1009,True,0.037668579929443294,0.005842284272359902,0.17458273609017216,0.1974350855967333
pilot_lr3e-04_target250\run_0,35,1010,1057,False,0.040360408214231334,0.0026918282847880406,0.1954099116846919,0.21869140972072879
pilot_lr3e-04_target250\run_0,36,1058,1095,False,0.03722933189649331,-0.003131076317738027,0.17116707700647807,0.13585809569217658
pilot_lr3e-04_target250\run_0,37,1096,1135,False,0.03900362206622958,0.0017742901697362715,0.1756078651174903,0.1655949809588492
pilot_lr3e-04_target250\run_0,38,1136,1178,False,0.040878267937101594,0.0018746458708720146,0.17771588595107543,0.17545807196996932
pilot_lr3e-04_target250\run_0,39,1179,1214,False,0.03953015504197942,-0.0013481128951221763,0.17880628299381998,0.16166903130296204
pilot_lr3e-04_target250\run_0,40,1215,1262,True,0.042118334327824414,0.0025881792858449965,0.19370255743463835,0.25498129256690544
pilot_lr3e-04_target250\run_0,41,1263,1301,False,0.045731349203449026,0.003613014875624612,0.20246686996557775,0.26424321914330506
pilot_lr3e-04_target250\run_0,42,1302,1341,False,0.041231555957347156,-0.00449979324610187,0.18556284308433532,0.16639267299324273
pilot_lr3e-04_target250\run_0,43,1342,1380,False,0.03884963333033598,-0.0023819226270111737,0.18157808138773993,0.1835823981807782
pilot_lr3e-04_target250\run_0,44,1381,1419,False,0.040294137807228625,0.0014445044768926427,0.18209033459424973,0.18019438286622366
pilot_lr3e-04_target250\run_0,45,1420,1460,False,0.04460801538534281,0.004313877578114182,0.19215321758898293,0.17126704507121226
pilot_lr3e-04_target250\run_0,46,1461,1500,False,0.04326109937392175,-0.0013469160114210552,0.19344782941043376,0.17630435852333903
pilot_lr3e-04_target250\run_0,47,1501,1547,True,0.05601643913603844,0.012755339762116687,0.24002062798814572,0.4016860008556792
pilot_lr3e-04_target250\run_0,48,1548,1584,False,0.04488458841837741,-0.011131850717661027,0.2019858376399891,0.1948317401111126
pilot_lr3e-04_target250\run_0,49,1585,1627,False,0.04700749601389086,0.0021229075955134513,0.20411024086697158,0.2543629031888274
pilot_lr3e-04_target250\run_0,50,1628,1665,False,0.045050586279677715,-0.0019569097342131483,0.20819104972638583,0.23142973255170018
pilot_lr3e-04_target250\run_0,51,1666,1708,False,0.04861507807360139,0.003564491793923673,0.20890724693619928,0.2284194425961306
pilot_lr3e-04_target250\run_0,52,1709,1746,False,0.04551761411130428,-0.003097463962297105,0.2049139330261632,0.2003517285185425
pilot_lr3e-04_target250\run_0,53,1747,1788,True,0.05997570515388534,0.014458091042581056,0.25521690114623025,0.5376897780668168
pilot_lr3e-04_target250\run_0,54,1789,1833,False,0.053706039405531356,-0.006269665748353984,0.22802808185418447,0.2795973997977045
pilot_lr3e-04_target250\run_0,55,1834,1873,False,0.04883541213348508,-0.004870627272046277,0.21511778719723224,0.25768005698919294
pilot_lr3e-04_target250\run_0,56,1874,1911,False,0.04977010788494035,0.0009346957514552723,0.21575062525899788,0.274224404245615
pilot_lr3e-04_target250\run_0,57,1912,1950,False,0.052895183221269876,0.0031250753363295247,0.2213166898641831,0.27647722779940337
pilot_lr3e-04_target250\run_0,58,1951,1985,False,0.05043051370552608,-0.0024646695157437976,0.22194544417517525,0.23926924616098405
pilot_lr3e-04_target250\run_0,59,1986,2023,True,0.06083407645162783,0.010403562746101755,0.25965347180241033,0.49041338029660675
pilot_lr3e-04_target250\run_0,60,2024,2065,False,0.054007865488529205,-0.006826210963098628,0.23206976907593863,0.27838992256493794
pilot_lr3e-04_target250\run_0,61,2066,2102,False,0.05750703328364604,0.003499167795116838,0.23155536885197098,0.282359025466281
pilot_lr3e-04_target250\run_0,62,2103,2139,False,0.056709369896231474,-0.0007976633874145697,0.23088955033469843,0.28217033467985486
pilot_lr3e-04_target250\run_0,63,2140,2176,False,0.056882472507454256,0.0001731026112227821,0.23254137304989067,0.3404364541575715
pilot_lr3e-04_target250\run_0,64,2177,2216,False,0.05840591778978706,0.0015234452823328012,0.23506211936473848,0.31532326210290196
pilot_lr3e-04_target250\run_0,65,2217,2254,True,0.06179195426796612,0.003386036478179061,0.24877853024947016,0.4274971424356887
pilot_lr3e-04_target250\run_0,66,2255,2292,False,0.06567200881085898,0.0038800545428928634,0.2604198177394114,0.6370032627723718
pilot_lr3e-04_target250\run_0,67,2293,2328,False,0.06217840779572725,-0.003493601015131728,0.24207517173555163,0.3735077550841702
pilot_lr3e-04_target250\run_0,68,2329,2369,False,0.06270289575544799,0.0005244879597207375,0.24548391634371222,0.31895201798619294
pilot_lr3e-04_target250\run_0,69,2370,2406,False,0.062040466110448576,-0.0006624296449994141,0.24350922534594666,0.3223893590070106
pilot_lr3e-04_target250\run_0,70,2407,2452,False,0.06047583800619063,-0.001564628104257948,0.24380652930425561,0.3295469175538291
pilot_lr3e-04_target250\run_0,71,2453,2493,False,0.0567358816723998,-0.003739956333790831,0.23116287952516137,0.3033935685710209
pilot_lr3e-04_target250\run_0,72,2494,2527,True,0.06957986019551754,0.012843978523117743,0.27671565422240424,0.7737730965018272
pilot_lr3e-04_target250\run_0,73,2528,2569,False,0.061443790970813664,-0.008136069224703876,0.2483276448079518,0.3885939655204614
pilot_lr3e-04_target250\run_0,74,2570,2611,False,0.06181189187225841,0.0003681009014447484,0.24370222645146505,0.32223326961199444
pilot_lr3e-04_target250\run_0,75,2612,2647,False,0.061706471567352615,-0.00010542030490579696,0.2505846478872829,0.33814464488791096
pilot_lr3e-04_target250\run_0,76,2648,2688,False,0.06442284961117477,0.0027163780438221527,0.25531057141176083,0.31239238799345204
pilot_lr3e-04_target250\run_0,77,2689,2722,False,0.05721153395579142,-0.007211315655383348,0.23363062870853088,0.3576106367742314
pilot_lr3e-04_target250\run_0,78,2723,2760,True,0.06877089326122873,0.011559359305437313,0.2673565525757639,0.48243118430438797
pilot_lr3e-04_target250\run_0,79,2761,2805,False,0.06253527220752504,-0.006235621053703691,0.26694178382555644,0.44399356378449334
pilot_lr3e-04_target250\run_0,80,2806,2848,False,0.06756066470298656,0.0050253924954615226,0.26088873764803244,0.3467894979687624
pilot_lr3e-04_target250\run_0,81,2849,2881,False,0.06090518561276523,-0.006655479090221336,0.2543879851247325,0.4038347267743313
pilot_lr3e-04_target250\run_0,82,2882,2919,False,0.06651165473618005,0.005606469123414823,0.25994294803393514,0.3393496239655896
pilot_lr3e-04_target250\run_0,83,2920,2962,False,0.06919019686621289,0.0026785421300328377,0.2628733172666195,0.4301667743644049
pilot_lr3e-04_target250\run_0,84,2963,3010,True,0.07039686727027099,0.0012066704040580994,0.2707925836245219,0.5463785445317626
pilot_lr3e-04_target250\run_0,85,3011,3050,False,0.072109614033252,0.0017127467629810128,0.2744646318256855,0.5936149515211582
pilot_lr3e-04_target250\run_0,86,3051,3083,False,0.05977944521741434,-0.012330168815837664,0.24929071059732727,0.47184289088754944
pilot_lr3e-04_target250\run_0,87,3084,3119,False,0.06411839390380515,0.0043389486863908144,0.2549615821076764,0.4075192836009794
pilot_lr3e-04_target250\run_0,88,3120,3158,False,0.06740732576984626,0.0032889318660411088,0.2673497047179785,0.4268232910678937
pilot_lr3e-04_target250\run_0,89,3159,3198,False,0.06210001278668642,-0.00530731298315984,0.2556685317307711,0.37403535172343255
pilot_lr3e-04_target250\run_0,90,3199,3234,False,0.07023832233001788,0.00813830954333146,0.2708893091314369,0.39973775918285054
pilot_lr3e-04_target250\run_0,91,3235,3334,True,0.07107328373938798,0.0008349614093701024,0.2719843375682831,0.5329085449874401
pilot_lr3e-04_target250\run_0,92,3335,3372,False,0.07066800567860666,-0.00040527806078131945,0.2671255967334697,0.34893085493853215
pilot_lr3e-04_target250\run_0,93,3373,3410,False,0.06998258456587791,-0.0006854211127287485,0.2617789236338515,0.4219921317539717
pilot_lr3e-04_target250\run_0,94,3411,3448,False,0.06738551451187384,-0.002597070054004072,0.26054963979281875,0.3961686654702613
pilot_lr3e-04_target250\run_0,95,3449,3486,False,0.06670376795687173,-0.0006817465550021107,0.2637685956923585,0.42235654023917096
pilot_lr3e-04_target250\run_0,96,3487,3528,True,0.07748097722374257,0.01077720926687084,0.2868063740787052,0.7162071081499258
pilot_lr3e-04_target250\run_0,97,3529,3569,False,0.06691909999382205,-0.010561877229920524,0.2646708575690665,0.45950506245944556
pilot_lr3e-04_target250\run_0,98,3570,3606,False,0.0694650804271569,0.0025459804333348574,0.26244271526465546,0.49695105568782705
pilot_lr3e-04_target250\run_0,99,3607,3640,False,0.07558835977140595,0.006123279344249041,0.2811264676206252,0.3816385604441166
pilot_lr3e-04_target250\run_0,100,3641,3680,False,0.0777627375908196,0.002174377819413653,0.28362364396452905,0.5177285466343164
pilot_lr3e-04_target250\run_0,101,3681,3716,False,0.07186462730169296,-0.005898110289126637,0.2771834408243497,0.5405740489562353
pilot_lr3e-04_target250\run_0,102,3717,3754,True,0.07305246679798554,0.0011878394962925726,0.27692073975738724,0.5806440497307401
pilot_lr3e-04_target250\run_0,103,3755,3790,False,0.09097953989273971,0.01792707309475418,0.3033748157322407,0.8299955936769644
pilot_lr3e-04_target250\run_0,104,3791,3890,False,0.07537956178188324,-0.015599978110856477,0.28061912342906,0.5390733727067709
pilot_lr3e-04_target250\run_0,105,3891,3925,False,0.07241682335734367,-0.0029627384245395627,0.2728154203721455,0.45410737012113844
pilot_lr3e-04_target250\run_0,106,3926,3961,False,0.06950774312847191,-0.002909080228871763,0.2729368747936355,0.43520115812619525
pilot_lr3e-04_target250\run_0,107,3962,3996,False,0.07871601453849247,0.009208271410020563,0.2799064074243818,0.46142896435090475
pilot_lr3e-04_target250\run_0,108,3997,4046,True,0.07785097606480122,-0.0008650384736912514,0.2854985535144806,0.8242932471632958
pilot_lr3e-04_target250\run_0,109,4047,4079,False,0.07320846910729553,-0.00464250695750569,0.2732489650899714,0.6448145048184828
pilot_lr3e-04_target250\run_0,110,4080,4116,False,0.07748272048460471,0.004274251377309177,0.28287883908362,0.5999342150784828
pilot_lr3e-04_target250\run_0,111,4117,4147,False,0.08226024047020943,0.004777519985604717,0.2916610361106934,0.7745363995913537
pilot_lr3e-04_target250\run_0,112,4148,4193,False,0.07212564770294272,-0.010134592767266706,0.27939132244690607,0.6026443754849227
pilot_lr3e-04_target250\run_0,113,4194,4232,False,0.071715469734791,-0.00041017796815172314,0.2825435847043991,0.5630953629047443
pilot_lr3e-04_target250\run_0,114,4233,4266,True,0.07878751165288336,0.007072041918092367,0.29433541087543263,0.8805712904123699
pilot_lr3e-04_target250\run_0,115,4267,4304,False,0.06726190996797461,-0.011525601684908751,0.2689163912283747,0.633190216202485
pilot_lr3e-04_target250\run_0,116,4305,4340,False,0.07562633045017719,0.00836442048220258,0.27674513268801904,0.7050103102293279
pilot_lr3e-04_target250\run_0,117,4341,4374,False,0.07956850769765236,0.00394217724747517,0.2883175269645803,0.5792082526228007
pilot_lr3e-04_target250\run_0,118,4375,4409,False,0.07999693187219756,0.00042842417454519444,0.2862820608275277,0.7847049010651452
pilot_lr3e-04_target250\run_0,119,4410,4448,False,0.09436594150387324,0.014369009631675686,0.30586594572434056,0.5348456696822093
pilot_lr3e-04_target250\run_0,120,4449,4484,False,0.09187025080124538,-0.0024956907026278674,0.30272869434621597,0.49225186763538253
pilot_lr3e-04_target250\run_0,121,4485,4520,True,0.09732028552227551,0.005450034721030131,0.3186490415698952,1.1321160991986592
pilot_lr3e-04_target250\run_0,122,4521,4552,False,0.0921946621965617,-0.005125623325713813,0.3125092894770205,0.703784397803247
pilot_lr3e-04_target250\run_0,123,4553,4587,False,0.09275194800325802,0.0005572858066963254,0.30522331765719823,0.5823651807648795
pilot_lr3e-04_target250\run_0,124,4588,4619,False,0.08795532886870205,-0.0047966191345559656,0.30706907575950027,0.5717298598028719
pilot_lr3e-04_target250\run_0,125,4620,4719,False,0.0818440704420209,-0.006111258426681157,0.2946715898811817,0.6160008887201548
pilot_lr3e-04_target250\run_0,126,4720,4754,True,0.0851709922509534,0.003326921808932501,0.29296574294567107,0.9053837439843586
pilot_lr3e-04_target250\run_0,127,4755,4791,False,0.07402026451922752,-0.011150727731725874,0.28471523885791367,0.8341367981723837
pilot_lr3e-04_target250\run_0,128,4792,4826,False,0.0856162958911487,0.011596031371921181,0.29785086938313077,0.6829028048685619
pilot_lr3e-04_target250\run_0,129,4827,4926,False,0.08547067619860173,-0.0001456196925469777,0.3003724585473537,0.638231368213892
pilot_lr3e-04_target250\run_0,130,4927,4963,False,0.08212678718405801,-0.003343889014543716,0.29389425709440903,0.606117433591469
pilot_lr3e-04_target250\run_0,131,4964,4995,False,0.0905623355647549,0.008435548380696892,0.30013991286978126,0.6632719917688519
pilot_lr3e-04_target250\run_0,132,4996,5095,True,0.07975832901895047,-0.010804006545804434,0.2961914736032486,0.8955399603396654
pilot_lr3e-04_target250\run_0,133,5096,5130,False,0.08091789388230869,0.00115956486335822,0.2872479485613959,0.6119114007268633
pilot_lr3e-04_target250\run_0,134,5131,5165,False,0.08709193329725946,0.006174039414950774,0.286501585159983,0.6944166319710868
pilot_lr3e-04_target250\run_0,135,5166,5265,True,0.08485959354788065,-0.002232339749378809,0.2950281345844269,0.7439294542372227
pilot_lr3e-04_target250\run_0,136,5266,5299,False,0.08140199708149713,-0.0034575964663835224,0.29664815743179884,0.7459342041436363
pilot_lr3e-04_target250\run_0,137,5300,5336,False,0.08937514643814112,0.007973149356643991,0.3024345986746453,0.6056091926387839
pilot_lr3e-04_target250\run_0,138,5337,5368,False,0.09570205176714808,0.006326905329006954,0.3071620254777372,0.603783966973424
pilot_lr3e-04_target250\run_0,139,5369,5402,False,0.08350344309035469,-0.012198608676793385,0.3020606575643315,0.7356056553475997
pilot_lr3e-04_target250\run_0,140,5403,5439,False,0.08424322548750285,0.000739782397148156,0.2910835702677031,0.6273878373809763
pilot_lr3e-04_target250\run_0,141,5440,5477,False,0.09997825422569324,0.015735028738190396,0.31308845469826146,0.71872456391391
pilot_lr3e-04_target250\run_0,142,5478,5515,True,0.09382276854624874,-0.006155485679444503,0.3161425163087092,0.9579981165496927
pilot_lr3e-04_target250\run_0,143,5516,5615,False,0.0848116671666503,-0.009011101379598443,0.29246806204319,0.6138253030925989
pilot_lr3e-04_target250\run_0,144,5616,5650,False,0.09239833397524698,0.0075866668085966815,0.3077033357960837,0.6878169962338039
pilot_lr3e-04_target250\run_0,145,5651,5684,False,0.07659352318767239,-0.01580481078757459,0.2848579401479048,0.5364896541132647
pilot_lr3e-04_target250\run_0,146,5685,5713,False,0.08739566520370286,0.01080214201603047,0.2941694213398572,0.48256841995592775
pilot_lr3e-04_target250\run_0,147,5714,5750,False,0.07997768321955526,-0.007417981984147601,0.28514118049595805,0.7072147171239596
pilot_lr3e-04_target250\run_0,148,5751,5785,True,0.08387157459344183,0.003893891373886571,0.30680599340370723,1.2211037150451116
pilot_lr3e-04_target250\run_0,149,5786,5812,False,0.10486538501249419,0.020993810419052364,0.3165814909670088,0.6879767753459789
pilot_lr3e-04_target250\run_0,150,5813,5845,False,0.08617670721176898,-0.01868867780072521,0.2904654330376423,0.6260309144854546
pilot_lr3e-04_target250\run_0,151,5846,5945,False,0.09084289789199829,0.004666190680229304,0.29924180924892424,0.72016337685287
pilot_lr3e-04_target250\run_0,152,5946,5979,False,0.0964823619407766,0.0056394640487783115,0.3146043292739812,0.8823125296655823
pilot_lr3e-04_target250\run_0,153,5980,6015,True,0.09567056316882372,-0.0008117987719528791,0.3201764366692967,1.3402155141035716
pilot_lr3e-04_target250\run_0,154,6016,6048,False,0.10078019039197401,0.005109627223150295,0.31540685214779596,0.9793114869883566
pilot_lr3e-04_target250\run_0,155,6049,6148,False,0.0791649016737938,-0.02161528871818022,0.2855862753093243,0.659750384837389
pilot_lr3e-04_target250\run_0,156,6149,6179,False,0.09239850878234833,0.013233607108554535,0.3001591221940133,0.8264271044923414
pilot_lr3e-04_target250\run_0,157,6180,6213,False,0.08591713756322861,-0.006481371219119722,0.307513948310824,0.8525737348724814
pilot_lr3e-04_target250\run_0,158,6214,6245,False,0.07779553555883467,-0.008121602004393935,0.29329006699845195,0.8762976303696632
pilot_lr3e-04_target250\run_0,159,6246,6278,True,0.0922639945691282,0.014468459010293533,0.316940320260597,1.2547542750835419
pilot_lr3e-04_target250\run_0,160,6279,6311,False,0.10260012181419315,0.010336127245064941,0.3236689829465115,0.7613862572294293
pilot_lr3e-04_target250\run_0,161,6312,6351,False,0.10306831551715731,0.00046819370296416474,0.3145578593015671,0.7556479338556528
pilot_lr3e-04_target250\run_0,162,6352,6385,False,0.08763347752392292,-0.01543483799323439,0.3020448553211549,0.6368255856282571
pilot_lr3e-04_target250\run_0,163,6386,6417,False,0.07910690933931619,-0.008526568184606731,0.28391680913046,0.6172970626503229
pilot_lr3e-04_target250\run_0,164,6418,6451,False,0.09436733604354017,0.015260426704223978,0.3083091527223587,0.6369202321066576
pilot_lr3e-04_target250\run_0,165,6452,6488,False,0.08525424742618122,-0.009113088617358947,0.2968801582181776,0.68729882908834
pilot_lr3e-04_target250\run_0,166,6489,6523,True,0.09991999087589128,0.014665743449710056,0.32881991480078016,1.4073307028838566
pilot_lr3e-04_target250\run_0,167,6524,6623,False,0.08615705501288176,-0.013762935863009515,0.2986039109528065,0.7467628312110901
pilot_lr3e-04_target250\run_0,168,6624,6650,False,0.08314525239445546,-0.003011802618426304,0.29680360743293055,0.6566601069989028
pilot_lr3e-04_target250\run_0,169,6651,6678,False,0.07841057982295752,-0.0047346725714979415,0.28609091682093485,0.6599642490702016
pilot_lr3e-04_target250\run_0,170,6679,6713,False,0.10165261168565069,0.023242031862693177,0.31658599845000673,0.8999518047486033
pilot_lr3e-04_target250\run_0,171,6714,6748,False,0.09167239197662898,-0.009980219709021715,0.3109480044671467,0.797768349306924
pilot_lr3e-04_target250\run_0,172,6749,6781,True,0.10277614516742302,0.011103753190794041,0.33683432232249866,1.6389313127958414
pilot_lr3e-04_target250\run_0,173,6782,6811,False,0.08086227600773176,-0.021913869159691263,0.2980022336045901,0.7920503621300061
pilot_lr3e-04_target250\run_0,174,6812,6846,False,0.09478692508169582,0.013924649073964068,0.30623533640589035,0.7407650794301714
pilot_lr3e-04_target250\run_0,175,6847,6876,False,0.09664990901947021,0.0018629839377743845,0.3123579164346059,0.8963955630858739
pilot_lr3e-04_target250\run_0,176,6877,6914,False,0.09856929061444182,0.0019193815949716114,0.31511126262576955,0.7654082892756713
pilot_lr3e-04_target250\run_0,177,6915,6950,False,0.08001358796738917,-0.018555702647052655,0.296162408673101,1.0104597355756495
pilot_lr3e-04_target250\run_0,178,6951,6986,False,0.1150739924568269,0.03506040448943773,0.3411186362306277,0.8042524336940713
pilot_lr3e-04_target250\run_0,179,6987,7086,True,0.08969443496316672,-0.02537955749366018,0.3161430335044861,1.0407633757591248
pilot_lr3e-04_target250\run_0,180,7087,7120,False,0.10428156999542433,0.014587135032257614,0.32222968471400876,0.725989575333455
pilot_lr3e-04_target250\run_0,181,7121,7152,False,0.09870183246675879,-0.005579737528665543,0.3204092616215348,0.7659754073247313
pilot_lr3e-04_target250\run_0,182,7153,7185,False,0.10832482892455476,0.009622996457795976,0.3299762389876626,0.6594812224308649
pilot_lr3e-04_target250\run_0,183,7186,7218,False,0.09809092770923268,-0.010233901215322083,0.3210046205556754,0.7957593021970807
pilot_lr3e-04_target250\run_0,184,7219,7252,True,0.09843383795198273,0.0003429102427500441,0.320490577203386,0.8739208245978636
pilot_lr3e-04_target250\run_0,185,7253,7286,False,0.11204697597114478,0.013613138019162058,0.33937233423485474,1.174708024105605
pilot_lr3e-04_target250\run_0,186,7287,7319,False,0.10541649151480559,-0.006630484456339195,0.31704632396047766,1.0153244390632168
pilot_lr3e-04_target250\run_0,187,7320,7353,False,0.10040708149180692,-0.005009410022998664,0.32084087720688653,0.8983578414601439
pilot_lr3e-04_target250\run_0,188,7354,7381,False,0.12186571104185921,0.02145862955005229,0.33596561370151384,0.6864439959504774
pilot_lr3e-04_target250\run_0,189,7382,7416,False,0.11165781148842403,-0.010207899553435179,0.3338870759521212,0.8113118218524116
pilot_lr3e-04_target250\run_0,190,7417,7450,False,0.1136885066242779,0.002030695135853869,0.32702406276674834,0.8032281972906169
pilot_lr3e-04_target250\run_0,191,7451,7484,False,0.09181828709209666,-0.02187021953218124,0.3111715360599406,0.841760590672493
pilot_lr3e-04_target250\run_0,192,7485,7516,True,0.128193061449565,0.03637477435746833,0.35897028958424926,1.4619721774943173
pilot_lr3e-04_target250\run_0,193,7517,7552,False,0.10579982079151604,-0.022393240658048957,0.3344656547738446,0.8448337316513062
pilot_lr3e-04_target250\run_0,194,7553,7652,False,0.09633494824171067,-0.009464872549805367,0.31790671646595003,0.8479241586476565
pilot_lr3e-04_target250\run_0,195,7653,7684,False,0.08226151007693261,-0.01407343816477806,0.2954083480872214,0.8409693697467446
pilot_lr3e-04_target250\run_0,196,7685,7721,False,0.10140765035474622,0.01914614027781361,0.3174923376457111,0.8222424585271526
pilot_lr3e-04_target250\run_0,197,7722,7752,True,0.12809937146882858,0.026691721114082356,0.35295547689160994,1.0420588331837808
pilot_lr3e-04_target250\run_0,198,7753,7789,False,0.12268229453144847,-0.005417076937380111,0.35264148583283295,1.3361740668077726
pilot_lr3e-04_target250\run_0,199,7790,7824,False,0.11619699160967555,-0.00648530292177292,0.3315583373819079,0.8295829159872873
pilot_lr3e-04_target250\run_0,200,7825,7858,False,0.08759097678258139,-0.028606014827094156,0.314949837677619,1.1699065583593704
pilot_lr3e-04_target250\run_0,201,7859,7891,False,0.08876267549666492,0.0011716987140835272,0.3032436551469745,0.9392771522204081
pilot_lr3e-04_target250\run_0,202,7892,7929,False,0.10666147844963952,0.017898802952974607,0.3297184333205223,0.9685398026516563
pilot_lr3e-04_target250\run_0,203,7930,7964,False,0.11220505599464689,0.0055435775450073665,0.3271823176315853,0.6891639803137098
pilot_lr3e-04_target250\run_0,204,7965,7995,False,0.1163315312756646,0.0041264752810177135,0.3326169814794294,0.8598134402305849
pilot_lr3e-04_target250\run_0,205,7996,8026,True,0.09253036471143845,-0.02380116656422615,0.3280011377026958,1.1732467432175913
pilot_lr3e-04_target250\run_0,206,8027,8126,False,0.12178796656429768,0.029257601852859222,0.35288247317075727,1.090778993666172
pilot_lr3e-04_target250\run_0,207,8127,8160,False,0.10041752337094616,-0.021370443193351518,0.32002150267362595,0.8549902119180736
pilot_lr3e-04_target250\run_0,208,8161,8194,False,0.10529815646655419,0.004880633095608031,0.3322595953941345,0.8535666137057192
pilot_lr3e-04_target250\run_0,209,8195,8227,False,0.10617339114348094,0.0008752346769267533,0.32677115364508197,1.2006473351608624
pilot_lr3e-04_target250\run_0,210,8228,8327,True,0.11291774064302444,0.0067443494995435005,0.34153722405433656,0.9712756533920764
pilot_lr3e-04_target250\run_0,211,8328,8364,False,0.10055526990342785,-0.012362470739596593,0.3282961793042518,1.4406763109806422
pilot_lr3e-04_target250\run_0,212,8365,8395,False,0.11690828047933118,0.016353010575903326,0.3376801710936331,1.1979763469388407
pilot_lr3e-04_target250\run_0,213,8396,8429,False,0.10897690167321879,-0.007931378806112388,0.3264853266232154,0.9061264216023333
pilot_lr3e-04_target250\run_0,214,8430,8462,False,0.09559622316649466,-0.013380678506724128,0.31435602587280853,0.7151195506254832
pilot_lr3e-04_target250\run_0,215,8463,8494,False,0.12220511736813933,0.026608894201644667,0.3382092909887433,1.0292303035967052
pilot_lr3e-04_target250\run_0,216,8495,8526,True,0.12537839228753,0.0031732749193906784,0.35943465773016214,1.3841095776297152
pilot_lr3e-04_target250\run_0,217,8527,8558,False,0.099118776852265,-0.026259615435265005,0.32619421649724245,0.8456409722566605
pilot_lr3e-04_target250\run_0,218,8559,8658,False,0.13415067318826915,0.03503189633600415,0.356740475744009,0.9682714508473873
pilot_lr3e-04_target250\run_0,219,8659,8691,False,0.1069161415551648,-0.027234531633104353,0.3301165727051822,1.537394081101273
pilot_lr3e-04_target250\run_0,220,8692,8727,False,0.11838856618851423,0.011472424633349437,0.3334090966317389,1.0064975544810295
pilot_lr3e-04_target250\run_0,221,8728,8762,True,0.11497776955366135,-0.003410796634852886,0.3392869004181453,1.5002576410770416
pilot_lr3e-04_target250\run_0,222,8763,8795,False,0.13109661627447966,0.016118846720818314,0.3484937810536587,1.3644134375182064
pilot_lr3e-04_target250\run_0,223,8796,8895,False,0.11260898012667894,-0.018487636147800718,0.3328624977171421,1.0666943974792957
pilot_lr3e-04_target250\run_0,224,8896,8932,False,0.10345271904323552,-0.009156261083443418,0.3276368657479415,0.7568862341545723
pilot_lr3e-04_target250\run_0,225,8933,8969,False,0.12935388037884557,0.025901161335610046,0.3486291210393648,0.6695589431234308
pilot_lr3e-04_target250\run_0,226,8970,9060,True,0.1363741902450284,0.007020309866182822,0.36267766700341153,1.0471363139676524
pilot_lr3e-04_target250\run_0,227,9061,9101,False,0.08788992092013359,-0.0484842693248948,0.3093975651554945,0.9317240940361489
pilot_lr3e-04_target250\run_0,228,9102,9140,False,0.11918841502987422,0.03129849410974063,0.34053739714316833,0.8368521023255128
pilot_lr3e-04_target250\run_0,229,9141,9172,False,0.11674691189546138,-0.0024415031344128396,0.3272278239019215,0.8174497047439218
pilot_lr3e-04_target250\run_0,230,9173,9208,False,0.11555852296037807,-0.0011883889350833149,0.33717064476675457,1.0178112147582903
pilot_lr3e-04_target250\run_0,231,9209,9240,False,0.1175484114792198,0.0019898885188417287,0.3388660913333297,0.6894604568369687
pilot_lr3e-04_target250\run_0,232,9241,9271,True,0.09972873714662367,-0.017819674332596125,0.3175883028776415,1.3105134247772154
pilot_lr3e-04_target250\run_0,233,9272,9304,False,0.11232176694003018,0.012593029793406513,0.3437325371937318,0.9787726442922245
pilot_lr3e-04_target250\run_0,234,9305,9339,False,0.11328976995178631,0.0009680030117561328,0.3393593839236668,0.982196865762983
pilot_lr3e-04_target250\run_0,235,9340,9372,False,0.11323319319071191,-5.657676107440057e-05,0.3338408980405692,0.8605732890692624
pilot_lr3e-04_target250\run_0,236,9373,9402,False,0.12400952639679114,0.010776333206079222,0.34195406585931776,0.9673436443010967
pilot_lr3e-04_target250\run_0,237,9403,9435,False,0.1193655701071927,-0.004643956289598433,0.3370837646000313,0.8448652855374597
pilot_lr3e-04_target250\run_0,238,9436,9467,False,0.11151029856409878,-0.007855271543093928,0.3339873943477869,1.1562041649594903
pilot_lr3e-04_target250\run_0,239,9468,9500,False,0.10642004148526625,-0.005090257078832525,0.3214733587069945,0.8520886478098956
pilot_lr3e-04_target250\run_0,240,9501,9532,True,0.10209519101772457,-0.004324850467541677,0.3377556959167123,1.1601973390206695
pilot_lr3e-04_target250\run_0,241,9533,9563,False,0.09647908181913438,-0.005616109198590194,0.31887094388085024,0.8441310005803262
pilot_lr3e-04_target250\run_0,242,9564,9598,False,0.11588525814669473,0.01940617632756035,0.34032250770500727,0.98247421170984
pilot_lr3e-04_target250\run_0,243,9599,9633,False,0.1312185559953962,0.015333297848701466,0.3517009483916419,0.9563694013016565
pilot_lr3e-04_target250\run_0,244,9634,9668,False,0.13199071724499975,0.0007721612496035535,0.3650290872369494,1.0313663452863693
pilot_lr3e-04_target250\run_0,245,9669,9700,False,0.15188260353170335,0.019891886286703603,0.3904650565236807,1.0429708757437766
pilot_lr3e-04_target250\run_0,246,9701,9736,False,0.09646949741161531,-0.05541310612008804,0.316943427754773,0.7876286063757207
pilot_lr3e-04_target250\run_0,247,9737,9771,True,0.14236512311867305,0.04589562570705774,0.36373303532600404,1.253207768712725
pilot_lr3e-04_target250\run_0,248,9772,9808,False,0.11643825572084736,-0.025926867397825695,0.341228121841276,1.0264810384125322
pilot_lr3e-04_target250\run_0,249,9809,9837,False,0.13245800869732066,0.016019752976473303,0.3563424271756205,0.9007911964737135
pilot_lr3e-04_target250\run_0,250,9838,9870,False,0.11303758418018167,-0.01942042451713899,0.33917260215137945,0.9842699097864556
pilot_lr3e-04_target250\run_0,251,9871,9903,False,0.13399090775937744,0.02095332357919577,0.3607721915750792,1.1023716913028196
pilot_lr3e-04_target250\run_0,252,9904,9936,False,0.13587587417075128,0.0018849664113738396,0.37159899057763995,1.2202203955614206
pilot_lr3e-04_target250\run_0,253,9937,9972,False,0.12734438230594,-0.00853149186481128,0.35712290224101806,0.8590726355711619
pilot_lr3e-04_target250\run_0,254,9973,10002,True,0.1320215616375208,0.004677179331580794,0.36014475077390673,1.0098591009775797
pilot_lr3e-04_target250\run_0,255,10003,10038,False,0.14323897825347054,0.011217416615949743,0.38771335118346745,1.434221886512306
pilot_lr3e-04_target250\run_0,256,10039,10071,False,0.15040680991880823,0.007167831665337687,0.3783452316667094,1.2211139942660476
pilot_lr3e-04_target250\run_0,257,10072,10102,False,0.13326105247101477,-0.017145757447793453,0.3630081693972311,0.7516406534179565
pilot_lr3e-04_target250\run_0,258,10103,10135,False,0.15242367565180315,0.019162623180788374,0.3712860011693203,0.9108712115522587
pilot_lr3e-04_target250\run_0,259,10136,10167,False,0.12218601501081139,-0.03023766064099176,0.3531469302251935,1.0122126936912537
pilot_lr3e-04_target250\run_0,260,10168,10203,False,0.11403818821741475,-0.008147826793396637,0.3438263779713048,0.9505639610191187
pilot_lr3e-04_target250\run_0,261,10204,10233,False,0.13113267992933592,0.017094491711921164,0.36054085989793144,1.239047814408938
pilot_lr3e-04_target250\run_0,262,10234,10268,True,0.1280946160001414,-0.0030380639291945066,0.3539085362638746,1.3368421597140177
pilot_lr3e-04_target250\run_0,263,10269,10304,False,0.11332682747807768,-0.01476778852206373,0.3443378636406528,1.1995884163512125
pilot_lr3e-04_target250\run_0,264,10305,10401,False,0.12709440943813816,0.013767581960060477,0.36066984270036834,1.3109627842288656
pilot_lr3e-04_target250\run_0,265,10402,10433,False,0.10693080630153418,-0.02016360313660398,0.33271906431764364,0.9952511629089713
pilot_lr3e-04_target250\run_0,266,10434,10467,False,0.12490483899326886,0.017974032691734684,0.34991924990625944,1.1993414956857176
pilot_lr3e-04_target250\run_0,267,10468,10501,True,0.13117771310841336,0.006272874115144503,0.3558717497131404,1.1533460161265205
pilot_lr3e-04_target250\run_0,268,10502,10546,False,0.15821174813641442,0.027034035028001058,0.38786072432994845,1.2038408014509412
pilot_lr3e-04_target250\run_0,269,10547,10577,False,0.09264594640943312,-0.0655658017269813,0.3255695022882954,0.9429437691165555
pilot_lr3e-04_target250\run_0,270,10578,10605,False,0.10017501336655446,0.0075290669571213414,0.3279302077633994,1.0268384819584233
pilot_lr3e-04_target250\run_0,271,10606,10640,False,0.10015815783824239,-1.6855528312070822e-05,0.333331823348999,1.1705146951334817
pilot_lr3e-04_target250\run_0,272,10641,10681,False,0.11044205189114664,0.010283894052904252,0.3387237369287305,1.2017652937551824
pilot_lr3e-04_target250\run_0,273,10682,10711,False,0.10943631989260515,-0.0010057319985414953,0.3353781118988991,0.8614308233062427
pilot_lr3e-04_target250\run_0,274,10712,10745,False,0.13194808714530049,0.02251176725269534,0.3652290627360344,1.461910740855862
pilot_lr3e-04_target250\run_0,275,10746,10779,True,0.12780031101668582,-0.004147776128614666,0.36435739476891127,1.7901439920944326
pilot_lr3e-04_target250\run_0,276,10780,10810,False,0.1313337419302233,0.003533430913537472,0.36862545051882345,1.084472772575194
pilot_lr3e-04_target250\run_0,277,10811,10841,False,0.09922259481203172,-0.032111147118191574,0.32859663088475505,1.3263360377280944
pilot_lr3e-04_target250\run_0,278,10842,10876,False,0.11713220381311008,0.017909609001078367,0.34989273846149443,1.0905049813645227
pilot_lr3e-04_target250\run_0,279,10877,10909,False,0.12712490276405305,0.009992698950942971,0.3547060742522731,1.0581699081442573
pilot_lr3e-04_target250\run_0,280,10910,10942,False,0.11526913060383363,-0.011855772160219422,0.3367183632922895,0.9088614307569735
pilot_lr3e-04_target250\run_0,281,10943,10977,False,0.13494374645607812,0.01967461585224449,0.35868126664842875,0.8582086746181761
pilot_lr3e-04_target250\run_0,282,10978,11009,True,0.15807049616705626,0.02312674971097814,0.3931944058276713,1.3605161095038056
pilot_lr3e-04_target250\run_0,283,11010,11043,False,0.13068813929224715,-0.02738235687480911,0.3601483601857634,1.7911880437065573
pilot_lr3e-04_target250\run_0,284,11044,11074,False,0.12007320504034719,-0.010614934251899966,0.35412541031837463,1.3803327977657318
pilot_lr3e-04_target250\run_0,285,11075,11104,False,0.15405188327034314,0.03397867822999595,0.40065724750359855,1.2735142017404237
pilot_lr3e-04_target250\run_0,286,11105,11136,False,0.12933561857789755,-0.02471626469244559,0.3731773095205426,1.6765017937868834
pilot_lr3e-04_target250\run_0,287,11137,11236,False,0.1405171636119485,0.011181545034050944,0.3732776939868927,1.1494074527919294
pilot_lr3e-04_target250\run_0,288,11237,11274,True,0.13955211384516014,-0.0009650497667883506,0.37739072191087825,1.3126597831908025
